tree_queries,task_size,horizon,latent_variables,method,seed,candidate_actions_mean,tree_effective_branching,success,planning_time_s
200,1,12,1,flat,0,38.0,5.009404389,1,0.005968196
200,1,12,1,pddl_pomdp,0,1.285714286,1.181818182,1,0.002172849
200,1,12,1,flat,1,38.0,4.914634146,1,0.00248776
200,1,12,1,pddl_pomdp,1,1.285714286,1.195652174,1,0.002165954
200,1,12,1,flat,2,38.0,5.194852941,1,0.002141825
200,1,12,1,pddl_pomdp,2,1.285714286,1.186046512,1,0.002190659
200,1,12,1,flat,3,38.0,4.289330922,0,0.003093097
200,1,12,1,pddl_pomdp,3,1.444444444,1.193548387,1,0.003110746
200,1,12,1,flat,4,38.0,5.190322581,1,0.002368659
200,1,12,1,pddl_pomdp,4,1.285714286,1.186046512,1,0.002264906
200,1,12,1,flat,5,38.0,5.576923077,1,0.001657191
200,1,12,1,pddl_pomdp,5,1.25,1.161290323,1,0.002708153
200,1,12,1,flat,6,38.0,5.585635359,1,0.001657083
200,1,12,1,pddl_pomdp,6,1.375,1.166666667,1,0.002802908
200,1,12,1,flat,7,38.0,5.651685393,1,0.001671141
200,1,12,1,pddl_pomdp,7,1.25,1.181818182,1,0.002625078
200,1,12,1,flat,8,38.0,5.527173913,1,0.001676365
200,1,12,1,pddl_pomdp,8,1.285714286,1.175438596,1,0.002204218
200,1,12,1,flat,9,38.0,5.319371728,1,0.001676087
200,1,12,1,pddl_pomdp,9,1.285714286,1.19047619,1,0.002184301
200,1,12,1,flat,10,38.0,5.722222222,1,0.001673567
200,1,12,1,pddl_pomdp,10,1.375,1.169230769,1,0.002744996
200,1,12,1,flat,11,38.0,5.443243243,1,0.00167957
200,1,12,1,pddl_pomdp,11,1.285714286,1.176470588,1,0.002227164
200,1,12,1,flat,12,38.0,5.448430493,1,0.001888019
200,1,12,1,pddl_pomdp,12,1.375,1.17721519,1,0.002765841
200,1,12,1,flat,13,38.0,4.469811321,0,0.002802062
200,1,12,1,pddl_pomdp,13,1.4,1.168316832,1,0.003884788
200,1,12,1,flat,14,38.0,5.664804469,1,0.001678061
200,1,12,1,pddl_pomdp,14,1.285714286,1.185185185,1,0.002219169
200,1,12,1,flat,15,38.0,5.320175439,1,0.002159072
200,1,12,1,pddl_pomdp,15,1.285714286,1.173076923,1,0.00227264
200,1,12,1,flat,16,38.0,5.466063348,1,0.00186193
200,1,12,1,pddl_pomdp,16,1.285714286,1.181818182,1,0.002185164
200,1,12,1,flat,17,38.0,4.437148218,0,0.002755352
200,1,12,1,pddl_pomdp,17,1.444444444,1.172413793,1,0.003271535
200,1,12,1,flat,18,38.0,4.312043796,0,0.002880405
200,1,12,1,pddl_pomdp,18,1.444444444,1.196721311,1,0.003184369
200,1,12,1,flat,19,38.0,4.405959032,0,0.002940341
200,1,12,1,pddl_pomdp,19,1.5,1.193548387,1,0.002702505
200,2,20,2,flat,0,66.0,4.376725838,1,0.005976615
200,2,20,2,pddl_pomdp,0,1.428571429,1.241496599,1,0.008312849
200,2,20,2,flat,1,66.0,4.309803922,1,0.005627069
200,2,20,2,pddl_pomdp,1,1.384615385,1.25,1,0.007264272
200,2,20,2,flat,2,66.0,2.948301329,0,0.011419986
200,2,20,2,pddl_pomdp,2,1.466666667,1.237785016,1,0.008869899
200,2,20,2,flat,3,66.0,2.853535354,0,0.011869568
200,2,20,2,pddl_pomdp,3,1.428571429,1.258555133,1,0.008701872
200,2,20,2,flat,4,66.0,4.023183926,1,0.007098341
200,2,20,2,pddl_pomdp,4,1.333333333,1.259067358,1,0.006737083
200,2,20,2,flat,5,66.0,3.0453149,0,0.011294077
200,2,20,2,pddl_pomdp,5,1.4375,1.241176471,1,0.009855821
200,2,20,2,flat,6,66.0,3.988571429,1,0.007632264
200,2,20,2,pddl_pomdp,6,1.384615385,1.247826087,1,0.007679098
200,2,20,2,flat,7,66.0,3.019069413,0,0.01188684
200,2,20,2,pddl_pomdp,7,1.4375,1.233676976,1,0.009509063
200,2,20,2,flat,8,66.0,4.3125,1,0.006161245
200,2,20,2,pddl_pomdp,8,1.333333333,1.242990654,1,0.00715184
200,2,20,2,flat,9,66.0,4.164644714,1,0.006527213
200,2,20,2,pddl_pomdp,9,1.428571429,1.242105263,1,0.008799446
200,2,20,2,flat,10,66.0,4.199649737,1,0.00692892
200,2,20,2,pddl_pomdp,10,1.428571429,1.251851852,1,0.008743833
200,2,20,2,flat,11,66.0,4.087030717,1,0.006643942
200,2,20,2,pddl_pomdp,11,1.333333333,1.255102041,1,0.007079549
200,2,20,2,flat,12,66.0,3.064814815,0,0.011925479
200,2,20,2,pddl_pomdp,12,1.4375,1.259136213,1,0.009905665
200,2,20,2,flat,13,66.0,2.866039102,0,0.012079403
200,2,20,2,pddl_pomdp,13,1.466666667,1.257352941,1,0.009376144
200,2,20,2,flat,14,66.0,4.031104199,1,0.007292963
200,2,20,2,pddl_pomdp,14,1.384615385,1.258687259,1,0.008145975
200,2,20,2,flat,15,66.0,3.036015326,0,0.011891997
200,2,20,2,pddl_pomdp,15,1.4,1.237704918,1,0.00898673
200,2,20,2,flat,16,66.0,4.383697813,1,0.006878215
200,2,20,2,pddl_pomdp,16,1.384615385,1.239130435,1,0.007858468
200,2,20,2,flat,17,66.0,2.855699856,0,0.011525084
200,2,20,2,pddl_pomdp,17,1.4,1.246428571,1,0.00942544
200,2,20,2,flat,18,66.0,2.857864358,0,0.011764872
200,2,20,2,pddl_pomdp,18,1.4375,1.24822695,1,0.009972567
200,2,20,2,flat,19,66.0,2.847262248,0,0.012125993
200,2,20,2,pddl_pomdp,19,1.466666667,1.250922509,1,0.00945694
200,4,36,4,flat,0,152.0,8.212978369,1,0.025218337
200,4,36,4,pddl_pomdp,0,1.416666667,1.312655087,1,0.022775894
200,4,36,4,flat,1,152.0,7.530795073,1,0.027747896
200,4,36,4,pddl_pomdp,1,1.36,1.318217979,1,0.025461191
200,4,36,4,flat,2,152.0,8.027972028,1,0.024825159
200,4,36,4,pddl_pomdp,2,1.4,1.313125,1,0.029752229
200,4,36,4,flat,3,152.0,6.69878391,0,0.030696204
200,4,36,4,pddl_pomdp,3,1.44,1.317757009,1,0.024914566
200,4,36,4,flat,4,152.0,7.418963616,1,0.027534285
200,4,36,4,pddl_pomdp,4,1.391304348,1.308652988,1,0.021340516
200,4,36,4,flat,5,152.0,6.380909902,0,0.030925079
200,4,36,4,pddl_pomdp,5,1.461538462,1.312096774,1,0.02637872
200,4,36,4,flat,6,152.0,7.694575472,1,0.027591359
200,4,36,4,pddl_pomdp,6,1.44,1.315876974,1,0.023771715
200,4,36,4,flat,7,152.0,6.264680105,0,0.031403519
200,4,36,4,pddl_pomdp,7,1.461538462,1.308823529,1,0.024194821
200,4,36,4,flat,8,152.0,6.626617375,0,0.02925213
200,4,36,4,pddl_pomdp,8,1.384615385,1.303495311,1,0.024096202
200,4,36,4,flat,9,152.0,7.007820137,0,0.030181859
200,4,36,4,pddl_pomdp,9,1.466666667,1.314132619,1,0.029250347
200,4,36,4,flat,10,152.0,7.453175457,1,0.028453023
200,4,36,4,pddl_pomdp,10,1.391304348,1.328884652,1,0.021854809
200,4,36,4,flat,11,152.0,6.803044719,0,0.030481655
200,4,36,4,pddl_pomdp,11,1.4,1.302822926,1,0.023978104
200,4,36,4,flat,12,152.0,6.168393782,0,0.030783596
200,4,36,4,pddl_pomdp,12,1.464285714,1.315202232,1,0.027408618
200,4,36,4,flat,13,152.0,6.547619048,0,0.029487417
200,4,36,4,pddl_pomdp,13,1.444444444,1.331693605,1,0.027427074
200,4,36,4,flat,14,152.0,7.989218329,1,0.023970364
200,4,36,4,pddl_pomdp,14,1.416666667,1.313874788,1,0.02336693
200,4,36,4,flat,15,152.0,7.132338308,0,0.031101312
200,4,36,4,pddl_pomdp,15,1.44,1.321592649,1,0.024754032
200,4,36,4,flat,16,152.0,8.288321168,1,0.020638074
200,4,36,4,pddl_pomdp,16,1.375,1.324685535,1,0.023183893
200,4,36,4,flat,17,152.0,6.163934426,0,0.029367571
200,4,36,4,pddl_pomdp,17,1.428571429,1.305519054,1,0.028279095
200,4,36,4,flat,18,152.0,6.390681004,0,0.031244869
200,4,36,4,pddl_pomdp,18,1.428571429,1.313174946,1,0.027140552
200,4,36,4,flat,19,152.0,6.183549784,0,0.030494021
200,4,36,4,pddl_pomdp,19,1.5,1.313669065,1,0.026372541
200,6,52,6,flat,0,278.0,200.0,0,0.064135716
200,6,52,6,pddl_pomdp,0,1.4,1.349757674,1,0.038656664
200,6,52,6,flat,1,278.0,200.0,0,0.05662969
200,6,52,6,pddl_pomdp,1,1.405405405,1.345370726,1,0.041538319
200,6,52,6,flat,2,278.0,200.0,0,0.057459412
200,6,52,6,pddl_pomdp,2,1.416666667,1.36290617,1,0.042365661
200,6,52,6,flat,3,278.0,200.0,0,0.057199665
200,6,52,6,pddl_pomdp,3,1.435897436,1.349615256,1,0.0449645
200,6,52,6,flat,4,278.0,200.0,0,0.058260216
200,6,52,6,pddl_pomdp,4,1.4,1.35338065,1,0.040272557
200,6,52,6,flat,5,278.0,196.226415094,0,0.057848664
200,6,52,6,pddl_pomdp,5,1.459459459,1.351102941,1,0.043452352
200,6,52,6,flat,6,278.0,200.0,0,0.057036781
200,6,52,6,pddl_pomdp,6,1.388888889,1.350019253,1,0.041788482
200,6,52,6,flat,7,278.0,200.0,0,0.057800254
200,6,52,6,pddl_pomdp,7,1.5,1.350761773,1,0.045414924
200,6,52,6,flat,8,278.0,196.226415094,0,0.057893999
200,6,52,6,pddl_pomdp,8,1.45,1.35203558,1,0.045267193
200,6,52,6,flat,9,278.0,196.226415094,0,0.058203867
200,6,52,6,pddl_pomdp,9,1.463414634,1.35157824,1,0.047879698
200,6,52,6,flat,10,278.0,200.0,0,0.057602886
200,6,52,6,pddl_pomdp,10,1.361111111,1.348602484,1,0.042443394
200,6,52,6,flat,11,278.0,196.078431373,1,0.054552739
200,6,52,6,pddl_pomdp,11,1.45,1.347644377,1,0.043954462
200,6,52,6,flat,12,278.0,200.0,0,0.057529944
200,6,52,6,pddl_pomdp,12,1.463414634,1.350177936,1,0.046690457
200,6,52,6,flat,13,278.0,192.592592593,0,0.05793797
200,6,52,6,pddl_pomdp,13,1.512195122,1.347868532,1,0.046561047
200,6,52,6,flat,14,278.0,200.0,0,0.057085982
200,6,52,6,pddl_pomdp,14,1.4,1.342666109,1,0.039971186
200,6,52,6,flat,15,278.0,200.0,1,0.054508422
200,6,52,6,pddl_pomdp,15,1.459459459,1.352015355,1,0.04103226
200,6,52,6,flat,16,278.0,200.0,0,0.056697999
200,6,52,6,pddl_pomdp,16,1.416666667,1.347190146,1,0.040572825
200,6,52,6,flat,17,278.0,200.0,0,0.058937851
200,6,52,6,pddl_pomdp,17,1.452380952,1.34758118,1,0.047472952
200,6,52,6,flat,18,278.0,200.0,0,0.057441924
200,6,52,6,pddl_pomdp,18,1.5,1.353875236,1,0.04510534
200,6,52,6,flat,19,278.0,200.0,0,0.058435954
200,6,52,6,pddl_pomdp,19,1.487179487,1.351545651,1,0.044599283
200,8,68,8,flat,0,444.0,200.0,0,0.112971219
200,8,68,8,pddl_pomdp,0,1.408163265,1.360905958,1,0.060165338
200,8,68,8,flat,1,444.0,200.0,0,0.099881087
200,8,68,8,pddl_pomdp,1,1.4,1.370937913,1,0.056255653
200,8,68,8,flat,2,444.0,200.0,0,0.100469397
200,8,68,8,pddl_pomdp,2,1.4375,1.3609495,1,0.061243127
200,8,68,8,flat,3,444.0,200.0,0,0.098605415
200,8,68,8,pddl_pomdp,3,1.468085106,1.35951964,1,0.058644981
200,8,68,8,flat,4,444.0,200.0,0,0.099606813
200,8,68,8,pddl_pomdp,4,1.413043478,1.36259542,1,0.057408859
200,8,68,8,flat,5,444.0,200.0,0,0.100239469
200,8,68,8,pddl_pomdp,5,1.450980392,1.363185153,1,0.066688624
200,8,68,8,flat,6,444.0,200.0,0,0.098758553
200,8,68,8,pddl_pomdp,6,1.4,1.366178777,1,0.056785721
200,8,68,8,flat,7,444.0,200.0,0,0.09966515
200,8,68,8,pddl_pomdp,7,1.452830189,1.370353784,1,0.06880099
200,8,68,8,flat,8,444.0,200.0,0,0.098365078
200,8,68,8,pddl_pomdp,8,1.458333333,1.363065327,1,0.06038037
200,8,68,8,flat,9,444.0,197.101449275,0,0.098823246
200,8,68,8,pddl_pomdp,9,1.490566038,1.365613091,1,0.066129077
200,8,68,8,flat,10,444.0,197.101449275,0,0.09942453
200,8,68,8,pddl_pomdp,10,1.409090909,1.368950013,1,0.054368309
200,8,68,8,flat,11,444.0,200.0,0,0.09869873
200,8,68,8,pddl_pomdp,11,1.5,1.368333728,1,0.062488348
200,8,68,8,flat,12,444.0,200.0,0,0.100348571
200,8,68,8,pddl_pomdp,12,1.48,1.360103627,1,0.062739679
200,8,68,8,flat,13,444.0,199.985294118,0,0.099518415
200,8,68,8,pddl_pomdp,13,1.46,1.364190298,1,0.065550047
200,8,68,8,flat,14,444.0,200.0,0,0.099620677
200,8,68,8,pddl_pomdp,14,1.416666667,1.362977767,1,0.060038629
200,8,68,8,flat,15,444.0,200.0,0,0.098938849
200,8,68,8,pddl_pomdp,15,1.48,1.365343475,1,0.063529287
200,8,68,8,flat,16,444.0,200.0,0,0.099795726
200,8,68,8,pddl_pomdp,16,1.431372549,1.360056926,1,0.063542586
200,8,68,8,flat,17,444.0,200.0,0,0.09860174
200,8,68,8,pddl_pomdp,17,1.509803922,1.36715652,1,0.063885499
200,8,68,8,flat,18,444.0,200.0,0,0.098843801
200,8,68,8,pddl_pomdp,18,1.480769231,1.367572344,1,0.068710326
200,8,68,8,flat,19,444.0,197.101449275,0,0.099768708
200,8,68,8,pddl_pomdp,19,1.481481481,1.368614719,1,0.069151489
200,2,2,2,flat,0,66.0,3.700116686,1,0.008740862
200,2,2,2,pddl_pomdp,0,1.333333333,1.379310345,1,0.002102723
200,2,2,2,flat,1,66.0,4.068610635,1,0.005596472
200,2,2,2,pddl_pomdp,1,1.307692308,1.344827586,1,0.002276245
200,2,2,2,flat,2,66.0,3.058167331,0,0.010505033
200,2,2,2,pddl_pomdp,2,1.466666667,1.470588235,1,0.002573986
200,2,2,2,flat,3,66.0,2.861818182,0,0.011712341
200,2,2,2,pddl_pomdp,3,1.4375,1.432432432,1,0.002687917
200,2,2,2,flat,4,66.0,4.051369863,1,0.005912027
200,2,2,2,pddl_pomdp,4,1.333333333,1.275862069,1,0.002055588
200,2,2,2,flat,5,66.0,3.066241022,0,0.010944633
200,2,2,2,pddl_pomdp,5,1.466666667,1.441176471,1,0.002557362
200,2,2,2,flat,6,66.0,4.011925043,1,0.005581911
200,2,2,2,pddl_pomdp,6,1.4,1.444444444,1,0.002629613
200,2,2,2,flat,7,66.0,3.063948841,0,0.010969513
200,2,2,2,pddl_pomdp,7,1.4375,1.432432432,1,0.002730931
200,2,2,2,flat,8,66.0,4.176015474,1,0.005198659
200,2,2,2,pddl_pomdp,8,1.384615385,1.387096774,1,0.002248989
200,2,2,2,flat,9,66.0,4.207364341,1,0.005102475
200,2,2,2,pddl_pomdp,9,1.384615385,1.35483871,1,0.002254503
200,2,2,2,flat,10,66.0,4.398210291,1,0.004229297
200,2,2,2,pddl_pomdp,10,1.384615385,1.366666667,1,0.002291922
200,2,2,2,flat,11,66.0,4.054794521,1,0.005882748
200,2,2,2,pddl_pomdp,11,1.333333333,1.310344828,1,0.002124023
200,2,2,2,flat,12,66.0,3.073717949,0,0.010773337
200,2,2,2,pddl_pomdp,12,1.428571429,1.375,1,0.002409505
200,2,2,2,flat,13,66.0,2.862119013,0,0.010822612
200,2,2,2,pddl_pomdp,13,1.428571429,1.393939394,1,0.002438877
200,2,2,2,flat,14,66.0,3.923312883,1,0.006292229
200,2,2,2,pddl_pomdp,14,1.428571429,1.451612903,1,0.002423785
200,2,2,2,flat,15,66.0,3.071257006,0,0.010506746
200,2,2,2,pddl_pomdp,15,1.375,1.394736842,1,0.002716
200,2,2,2,flat,16,66.0,3.683411215,1,0.008187441
200,2,2,2,pddl_pomdp,16,1.333333333,1.366666667,1,0.002076873
200,2,2,2,flat,17,66.0,2.845375723,0,0.011308881
200,2,2,2,pddl_pomdp,17,1.428571429,1.393939394,1,0.002349276
200,2,2,2,flat,18,66.0,2.863272727,0,0.011299057
200,2,2,2,pddl_pomdp,18,1.428571429,1.393939394,1,0.002354257
200,2,2,2,flat,19,66.0,2.871085215,0,0.011528812
200,2,2,2,pddl_pomdp,19,1.4375,1.444444444,1,0.002681079
200,2,4,2,flat,0,66.0,4.376725838,1,0.005861866
200,2,4,2,pddl_pomdp,0,1.4,1.344827586,1,0.004655403
200,2,4,2,flat,1,66.0,4.309803922,1,0.00578024
200,2,4,2,pddl_pomdp,1,1.307692308,1.365079365,1,0.003987146
200,2,4,2,flat,2,66.0,2.948301329,0,0.012178402
200,2,4,2,pddl_pomdp,2,1.461538462,1.4,1,0.003918697
200,2,4,2,flat,3,66.0,2.853535354,0,0.012154323
200,2,4,2,pddl_pomdp,3,1.466666667,1.394736842,1,0.004586138
200,2,4,2,flat,4,66.0,4.023183926,1,0.007191544
200,2,4,2,pddl_pomdp,4,1.384615385,1.388059701,1,0.004010538
200,2,4,2,flat,5,66.0,3.0453149,0,0.011965542
200,2,4,2,pddl_pomdp,5,1.4375,1.34939759,1,0.004989793
200,2,4,2,flat,6,66.0,3.988571429,1,0.007785648
200,2,4,2,pddl_pomdp,6,1.428571429,1.358024691,1,0.004222093
200,2,4,2,flat,7,66.0,3.019069413,0,0.011804623
200,2,4,2,pddl_pomdp,7,1.428571429,1.362318841,1,0.004305529
200,2,4,2,flat,8,66.0,4.3125,1,0.006169342
200,2,4,2,pddl_pomdp,8,1.384615385,1.352941176,1,0.004031365
200,2,4,2,flat,9,66.0,4.164644714,1,0.006738789
200,2,4,2,pddl_pomdp,9,1.384615385,1.4,1,0.004083906
200,2,4,2,flat,10,66.0,4.199649737,1,0.00650521
200,2,4,2,pddl_pomdp,10,1.384615385,1.40625,1,0.004059857
200,2,4,2,flat,11,66.0,4.087030717,1,0.006177784
200,2,4,2,pddl_pomdp,11,1.384615385,1.383561644,1,0.004010497
200,2,4,2,flat,12,66.0,3.064814815,0,0.011573788
200,2,4,2,pddl_pomdp,12,1.428571429,1.4,1,0.004254742
200,2,4,2,flat,13,66.0,2.866039102,0,0.011858737
200,2,4,2,pddl_pomdp,13,1.466666667,1.37037037,1,0.004509253
200,2,4,2,flat,14,66.0,4.031104199,1,0.007181333
200,2,4,2,pddl_pomdp,14,1.428571429,1.397435897,1,0.004371234
200,2,4,2,flat,15,66.0,3.036015326,0,0.01261562
200,2,4,2,pddl_pomdp,15,1.461538462,1.378787879,1,0.003913308
200,2,4,2,flat,16,66.0,4.383697813,1,0.005968845
200,2,4,2,pddl_pomdp,16,1.333333333,1.362068966,1,0.003664752
200,2,4,2,flat,17,66.0,2.855699856,0,0.01140841
200,2,4,2,pddl_pomdp,17,1.4,1.342465753,1,0.004611161
200,2,4,2,flat,18,66.0,2.857864358,0,0.012106341
200,2,4,2,pddl_pomdp,18,1.375,1.333333333,1,0.004880262
200,2,4,2,flat,19,66.0,2.847262248,0,0.011628835
200,2,4,2,pddl_pomdp,19,1.4,1.333333333,1,0.004613485
200,2,8,2,flat,0,66.0,4.376725838,1,0.005946567
200,2,8,2,pddl_pomdp,0,1.333333333,1.313432836,1,0.006042903
200,2,8,2,flat,1,66.0,4.309803922,1,0.005781617
200,2,8,2,pddl_pomdp,1,1.384615385,1.281879195,1,0.006647769
200,2,8,2,flat,2,66.0,2.948301329,0,0.011652648
200,2,8,2,pddl_pomdp,2,1.428571429,1.307692308,1,0.006844327
200,2,8,2,flat,3,66.0,2.853535354,0,0.011747304
200,2,8,2,pddl_pomdp,3,1.4,1.362573099,1,0.007558468
200,2,8,2,flat,4,66.0,4.023183926,1,0.007436235
200,2,8,2,pddl_pomdp,4,1.333333333,1.30952381,1,0.005997645
200,2,8,2,flat,5,66.0,3.0453149,0,0.011901373
200,2,8,2,pddl_pomdp,5,1.375,1.27027027,1,0.008139596
200,2,8,2,flat,6,66.0,3.988571429,1,0.008033574
200,2,8,2,pddl_pomdp,6,1.384615385,1.30625,1,0.006675302
200,2,8,2,flat,7,66.0,3.019069413,0,0.01192308
200,2,8,2,pddl_pomdp,7,1.466666667,1.327380952,1,0.007423284
200,2,8,2,flat,8,66.0,4.3125,1,0.006153419
200,2,8,2,pddl_pomdp,8,1.285714286,1.3125,1,0.007379331
200,2,8,2,flat,9,66.0,4.164644714,1,0.006363301
200,2,8,2,pddl_pomdp,9,1.384615385,1.294478528,1,0.006655052
200,2,8,2,flat,10,66.0,4.199649737,1,0.00611514
200,2,8,2,pddl_pomdp,10,1.428571429,1.325443787,1,0.007392791
200,2,8,2,flat,11,66.0,4.087030717,1,0.006077384
200,2,8,2,pddl_pomdp,11,1.285714286,1.335820896,1,0.007225722
200,2,8,2,flat,12,66.0,3.064814815,0,0.011264385
200,2,8,2,pddl_pomdp,12,1.461538462,1.326388889,1,0.006313235
200,2,8,2,flat,13,66.0,2.866039102,0,0.012303428
200,2,8,2,pddl_pomdp,13,1.4,1.337142857,1,0.007559483
200,2,8,2,flat,14,66.0,4.031104199,1,0.007313961
200,2,8,2,pddl_pomdp,14,1.384615385,1.292207792,1,0.006715258
200,2,8,2,flat,15,66.0,3.036015326,0,0.011787813
200,2,8,2,pddl_pomdp,15,1.4,1.276470588,1,0.007382774
200,2,8,2,flat,16,66.0,4.383697813,1,0.006195988
200,2,8,2,pddl_pomdp,16,1.333333333,1.306451613,1,0.005995247
200,2,8,2,flat,17,66.0,2.855699856,0,0.011875355
200,2,8,2,pddl_pomdp,17,1.428571429,1.337579618,1,0.00702778
200,2,8,2,flat,18,66.0,2.857864358,0,0.011654993
200,2,8,2,pddl_pomdp,18,1.461538462,1.364238411,1,0.006370027
200,2,8,2,flat,19,66.0,2.847262248,0,0.011733958
200,2,8,2,pddl_pomdp,19,1.428571429,1.354651163,1,0.007049154
200,2,12,2,flat,0,66.0,4.376725838,1,0.006139923
200,2,12,2,pddl_pomdp,0,1.333333333,1.259259259,1,0.007106344
200,2,12,2,flat,1,66.0,4.309803922,1,0.005817642
200,2,12,2,pddl_pomdp,1,1.384615385,1.276923077,1,0.007569816
200,2,12,2,flat,2,66.0,2.948301329,0,0.011338664
200,2,12,2,pddl_pomdp,2,1.466666667,1.279069767,1,0.008746395
200,2,12,2,flat,3,66.0,2.853535354,0,0.011874189
200,2,12,2,pddl_pomdp,3,1.4375,1.270588235,1,0.009753603
200,2,12,2,flat,4,66.0,4.023183926,1,0.00738185
200,2,12,2,pddl_pomdp,4,1.333333333,1.283236994,1,0.010966104
200,2,12,2,flat,5,66.0,3.0453149,0,0.012219167
200,2,12,2,pddl_pomdp,5,1.428571429,1.25203252,1,0.007897749
200,2,12,2,flat,6,66.0,3.988571429,1,0.008136254
200,2,12,2,pddl_pomdp,6,1.333333333,1.284883721,1,0.006894465
200,2,12,2,flat,7,66.0,3.019069413,0,0.012044288
200,2,12,2,pddl_pomdp,7,1.428571429,1.264423077,1,0.007831038
200,2,12,2,flat,8,66.0,4.3125,1,0.00633567
200,2,12,2,pddl_pomdp,8,1.357142857,1.266666667,1,0.009098558
200,2,12,2,flat,9,66.0,4.164644714,1,0.006915478
200,2,12,2,pddl_pomdp,9,1.333333333,1.269035533,1,0.007154353
200,2,12,2,flat,10,66.0,4.199649737,1,0.006252792
200,2,12,2,pddl_pomdp,10,1.384615385,1.276595745,1,0.008115325
200,2,12,2,flat,11,66.0,4.087030717,1,0.00606383
200,2,12,2,pddl_pomdp,11,1.357142857,1.280991736,1,0.008558877
200,2,12,2,flat,12,66.0,3.064814815,0,0.011379814
200,2,12,2,pddl_pomdp,12,1.428571429,1.282407407,1,0.008106402
200,2,12,2,flat,13,66.0,2.866039102,0,0.011915874
200,2,12,2,pddl_pomdp,13,1.5,1.262008734,1,0.008294457
200,2,12,2,flat,14,66.0,4.031104199,1,0.007422455
200,2,12,2,pddl_pomdp,14,1.384615385,1.267281106,1,0.007683364
200,2,12,2,flat,15,66.0,3.036015326,0,0.012234906
200,2,12,2,pddl_pomdp,15,1.4,1.243478261,1,0.008499241
200,2,12,2,flat,16,66.0,4.383697813,1,0.007059451
200,2,12,2,pddl_pomdp,16,1.357142857,1.25257732,1,0.008074785
200,2,12,2,flat,17,66.0,2.855699856,0,0.011638985
200,2,12,2,pddl_pomdp,17,1.466666667,1.250825083,1,0.009372857
200,2,12,2,flat,18,66.0,2.857864358,0,0.012082066
200,2,12,2,pddl_pomdp,18,1.4,1.280898876,1,0.00964756
200,2,12,2,flat,19,66.0,2.847262248,0,0.01204533
200,2,12,2,pddl_pomdp,19,1.466666667,1.267716535,1,0.009233272
200,2,20,2,flat,0,66.0,4.376725838,1,0.006095117
200,2,20,2,pddl_pomdp,0,1.428571429,1.241496599,1,0.008851974
200,2,20,2,flat,1,66.0,4.309803922,1,0.005772553
200,2,20,2,pddl_pomdp,1,1.384615385,1.25,1,0.007721858
200,2,20,2,flat,2,66.0,2.948301329,0,0.011362583
200,2,20,2,pddl_pomdp,2,1.466666667,1.237785016,1,0.009011472
200,2,20,2,flat,3,66.0,2.853535354,0,0.011791736
200,2,20,2,pddl_pomdp,3,1.428571429,1.258555133,1,0.008879745
200,2,20,2,flat,4,66.0,4.023183926,1,0.007564571
200,2,20,2,pddl_pomdp,4,1.333333333,1.259067358,1,0.007123394
200,2,20,2,flat,5,66.0,3.0453149,0,0.011710445
200,2,20,2,pddl_pomdp,5,1.4375,1.241176471,1,0.010184472
200,2,20,2,flat,6,66.0,3.988571429,1,0.008077734
200,2,20,2,pddl_pomdp,6,1.384615385,1.247826087,1,0.007793052
200,2,20,2,flat,7,66.0,3.019069413,0,0.011424609
200,2,20,2,pddl_pomdp,7,1.4375,1.233676976,1,0.009610272
200,2,20,2,flat,8,66.0,4.3125,1,0.006351237
200,2,20,2,pddl_pomdp,8,1.333333333,1.242990654,1,0.007173519
200,2,20,2,flat,9,66.0,4.164644714,1,0.006388334
200,2,20,2,pddl_pomdp,9,1.428571429,1.242105263,1,0.008907116
200,2,20,2,flat,10,66.0,4.199649737,1,0.006095803
200,2,20,2,pddl_pomdp,10,1.428571429,1.251851852,1,0.008756805
200,2,20,2,flat,11,66.0,4.087030717,1,0.006093079
200,2,20,2,pddl_pomdp,11,1.333333333,1.255102041,1,0.007149156
200,2,20,2,flat,12,66.0,3.064814815,0,0.011775583
200,2,20,2,pddl_pomdp,12,1.4375,1.259136213,1,0.009945278
200,2,20,2,flat,13,66.0,2.866039102,0,0.011850681
200,2,20,2,pddl_pomdp,13,1.466666667,1.257352941,1,0.009387375
200,2,20,2,flat,14,66.0,4.031104199,1,0.007403696
200,2,20,2,pddl_pomdp,14,1.384615385,1.258687259,1,0.008236716
200,2,20,2,flat,15,66.0,3.036015326,0,0.011790691
200,2,20,2,pddl_pomdp,15,1.4,1.237704918,1,0.009024651
200,2,20,2,flat,16,66.0,4.383697813,1,0.006276268
200,2,20,2,pddl_pomdp,16,1.384615385,1.239130435,1,0.007851716
200,2,20,2,flat,17,66.0,2.855699856,0,0.011518058
200,2,20,2,pddl_pomdp,17,1.4,1.246428571,1,0.009567015
200,2,20,2,flat,18,66.0,2.857864358,0,0.011757885
200,2,20,2,pddl_pomdp,18,1.4375,1.24822695,1,0.010097008
200,2,20,2,flat,19,66.0,2.847262248,0,0.012278526
200,2,20,2,pddl_pomdp,19,1.466666667,1.250922509,1,0.009504953
200,2,32,2,flat,0,66.0,4.376725838,1,0.006349213
200,2,32,2,pddl_pomdp,0,1.428571429,1.241496599,1,0.008877546
200,2,32,2,flat,1,66.0,4.309803922,1,0.005799265
200,2,32,2,pddl_pomdp,1,1.384615385,1.25,1,0.007688587
200,2,32,2,flat,2,66.0,2.948301329,0,0.011381366
200,2,32,2,pddl_pomdp,2,1.466666667,1.237785016,1,0.00904487
200,2,32,2,flat,3,66.0,2.853535354,0,0.011962206
200,2,32,2,pddl_pomdp,3,1.428571429,1.258555133,1,0.008868896
200,2,32,2,flat,4,66.0,4.023183926,1,0.008075946
200,2,32,2,pddl_pomdp,4,1.333333333,1.259067358,1,0.007076629
200,2,32,2,flat,5,66.0,3.0453149,0,0.01235615
200,2,32,2,pddl_pomdp,5,1.4375,1.241176471,1,0.010122103
200,2,32,2,flat,6,66.0,3.988571429,1,0.008123741
200,2,32,2,pddl_pomdp,6,1.384615385,1.247826087,1,0.007709188
200,2,32,2,flat,7,66.0,3.019069413,0,0.011932135
200,2,32,2,pddl_pomdp,7,1.4375,1.233676976,1,0.009549227
200,2,32,2,flat,8,66.0,4.3125,1,0.006133833
200,2,32,2,pddl_pomdp,8,1.333333333,1.242990654,1,0.007193561
200,2,32,2,flat,9,66.0,4.164644714,1,0.00641485
200,2,32,2,pddl_pomdp,9,1.428571429,1.242105263,1,0.008864065
200,2,32,2,flat,10,66.0,4.199649737,1,0.006089177
200,2,32,2,pddl_pomdp,10,1.428571429,1.251851852,1,0.008833228
200,2,32,2,flat,11,66.0,4.087030717,1,0.006081291
200,2,32,2,pddl_pomdp,11,1.333333333,1.255102041,1,0.007155638
200,2,32,2,flat,12,66.0,3.064814815,0,0.011260272
200,2,32,2,pddl_pomdp,12,1.4375,1.259136213,1,0.00996449
200,2,32,2,flat,13,66.0,2.866039102,0,0.011909794
200,2,32,2,pddl_pomdp,13,1.466666667,1.257352941,1,0.009405057
200,2,32,2,flat,14,66.0,4.031104199,1,0.007432366
200,2,32,2,pddl_pomdp,14,1.384615385,1.258687259,1,0.008244029
200,2,32,2,flat,15,66.0,3.036015326,0,0.011830888
200,2,32,2,pddl_pomdp,15,1.4,1.237704918,1,0.009039947
200,2,32,2,flat,16,66.0,4.383697813,1,0.006141399
200,2,32,2,pddl_pomdp,16,1.384615385,1.239130435,1,0.007841398
200,2,32,2,flat,17,66.0,2.855699856,0,0.012282046
200,2,32,2,pddl_pomdp,17,1.4,1.246428571,1,0.009492894
200,2,32,2,flat,18,66.0,2.857864358,0,0.011853568
200,2,32,2,pddl_pomdp,18,1.4375,1.24822695,1,0.009986897
200,2,32,2,flat,19,66.0,2.847262248,0,0.011748314
200,2,32,2,pddl_pomdp,19,1.466666667,1.250922509,1,0.009426076
200,2,20,2,flat,0,66.0,4.376725838,1,0.006213789
200,2,20,2,pddl_pomdp,0,1.428571429,1.241496599,1,0.008873649
200,2,20,2,flat,1,66.0,4.309803922,1,0.005707235
200,2,20,2,pddl_pomdp,1,1.384615385,1.25,1,0.007697495
200,2,20,2,flat,2,66.0,2.948301329,0,0.011859877
200,2,20,2,pddl_pomdp,2,1.466666667,1.237785016,1,0.009029735
200,2,20,2,flat,3,66.0,2.853535354,0,0.011811906
200,2,20,2,pddl_pomdp,3,1.428571429,1.258555133,1,0.008988195
200,2,20,2,flat,4,66.0,4.023183926,1,0.007436785
200,2,20,2,pddl_pomdp,4,1.333333333,1.259067358,1,0.007169305
200,2,20,2,flat,5,66.0,3.0453149,0,0.011892661
200,2,20,2,pddl_pomdp,5,1.4375,1.241176471,1,0.010121564
200,2,20,2,flat,6,66.0,3.988571429,1,0.008125934
200,2,20,2,pddl_pomdp,6,1.384615385,1.247826087,1,0.007775968
200,2,20,2,flat,7,66.0,3.019069413,0,0.011473054
200,2,20,2,pddl_pomdp,7,1.4375,1.233676976,1,0.009524518
200,2,20,2,flat,8,66.0,4.3125,1,0.006206668
200,2,20,2,pddl_pomdp,8,1.333333333,1.242990654,1,0.007157248
200,2,20,2,flat,9,66.0,4.164644714,1,0.006355769
200,2,20,2,pddl_pomdp,9,1.428571429,1.242105263,1,0.008815986
200,2,20,2,flat,10,66.0,4.199649737,1,0.006125722
200,2,20,2,pddl_pomdp,10,1.428571429,1.251851852,1,0.008783685
200,2,20,2,flat,11,66.0,4.087030717,1,0.006289504
200,2,20,2,pddl_pomdp,11,1.333333333,1.255102041,1,0.00715834
200,2,20,2,flat,12,66.0,3.064814815,0,0.01202578
200,2,20,2,pddl_pomdp,12,1.4375,1.259136213,1,0.009957984
200,2,20,2,flat,13,66.0,2.866039102,0,0.011982372
200,2,20,2,pddl_pomdp,13,1.466666667,1.257352941,1,0.009386445
200,2,20,2,flat,14,66.0,4.031104199,1,0.007409053
200,2,20,2,pddl_pomdp,14,1.384615385,1.258687259,1,0.008230049
200,2,20,2,flat,15,66.0,3.036015326,0,0.011822073
200,2,20,2,pddl_pomdp,15,1.4,1.237704918,1,0.009021273
200,2,20,2,flat,16,66.0,4.383697813,1,0.006345292
200,2,20,2,pddl_pomdp,16,1.384615385,1.239130435,1,0.007822251
200,2,20,2,flat,17,66.0,2.855699856,0,0.011488483
200,2,20,2,pddl_pomdp,17,1.4,1.246428571,1,0.009458013
200,2,20,2,flat,18,66.0,2.857864358,0,0.012329326
200,2,20,2,pddl_pomdp,18,1.4375,1.24822695,1,0.010021047
200,2,20,2,flat,19,66.0,2.847262248,0,0.012342693
200,2,20,2,pddl_pomdp,19,1.466666667,1.250922509,1,0.009439267
200,2,20,4,flat,0,136.0,6.064444444,1,0.01277221
200,2,20,4,pddl_pomdp,0,1.357142857,1.24122807,1,0.00847804
200,2,20,4,flat,1,136.0,5.389855072,1,0.015590548
200,2,20,4,pddl_pomdp,1,1.384615385,1.242152466,1,0.007731652
200,2,20,4,flat,2,136.0,4.49039548,0,0.017115323
200,2,20,4,pddl_pomdp,2,1.428571429,1.238938053,1,0.008297824
200,2,20,4,flat,3,136.0,4.207006369,0,0.01670157
200,2,20,4,pddl_pomdp,3,1.4,1.267123288,1,0.010072024
200,2,20,4,flat,4,136.0,6.534883721,1,0.012721271
200,2,20,4,pddl_pomdp,4,1.357142857,1.241525424,1,0.008021153
200,2,20,4,flat,5,136.0,4.689045936,0,0.017930734
200,2,20,4,pddl_pomdp,5,1.466666667,1.25,1,0.009176056
200,2,20,4,flat,6,136.0,6.876106195,1,0.011529513
200,2,20,4,pddl_pomdp,6,1.384615385,1.238493724,1,0.007443354
200,2,20,4,flat,7,136.0,5.387362637,1,0.016278473
200,2,20,4,pddl_pomdp,7,1.461538462,1.248780488,1,0.00758363
200,2,20,4,flat,8,136.0,5.903591682,1,0.013590103
200,2,20,4,pddl_pomdp,8,1.357142857,1.24497992,1,0.008510637
200,2,20,4,flat,9,136.0,6.089285714,1,0.012952614
200,2,20,4,pddl_pomdp,9,1.357142857,1.235690236,1,0.009093626
200,2,20,4,flat,10,136.0,5.414847162,1,0.015335525
200,2,20,4,pddl_pomdp,10,1.428571429,1.248201439,1,0.008749574
200,2,20,4,flat,11,136.0,6.383838384,1,0.01280742
200,2,20,4,pddl_pomdp,11,1.333333333,1.226415094,1,0.009046536
200,2,20,4,flat,12,136.0,4.564367816,0,0.017036792
200,2,20,4,pddl_pomdp,12,1.461538462,1.247706422,1,0.007647559
200,2,20,4,flat,13,136.0,4.43,0,0.017238223
200,2,20,4,pddl_pomdp,13,1.4375,1.245847176,1,0.010276288
200,2,20,4,flat,14,136.0,5.843585237,1,0.014159698
200,2,20,4,pddl_pomdp,14,1.384615385,1.272727273,1,0.007909163
200,2,20,4,flat,15,136.0,4.580645161,0,0.016967029
200,2,20,4,pddl_pomdp,15,1.4,1.228448276,1,0.008747358
200,2,20,4,flat,16,136.0,4.377753304,0,0.017693971
200,2,20,4,pddl_pomdp,16,1.357142857,1.242857143,1,0.008161537
200,2,20,4,flat,17,136.0,4.660798122,0,0.018301641
200,2,20,4,pddl_pomdp,17,1.4,1.246153846,1,0.009755098
200,2,20,4,flat,18,136.0,4.101344364,0,0.016718559
200,2,20,4,pddl_pomdp,18,1.4375,1.263492063,1,0.010700498
200,2,20,4,flat,19,136.0,4.309031556,0,0.017640509
200,2,20,4,pddl_pomdp,19,1.4,1.261437908,1,0.0100578
200,2,20,6,flat,0,230.0,186.666666667,1,0.015881079
200,2,20,6,pddl_pomdp,0,1.357142857,1.25,1,0.008146744
200,2,20,6,flat,1,230.0,200.0,1,0.015152269
200,2,20,6,pddl_pomdp,1,1.384615385,1.248962656,1,0.007539135
200,2,20,6,flat,2,230.0,200.0,0,0.022693082
200,2,20,6,pddl_pomdp,2,1.4,1.233870968,1,0.008817798
200,2,20,6,flat,3,230.0,200.0,1,0.016344569
200,2,20,6,pddl_pomdp,3,1.375,1.256024096,1,0.010718877
200,2,20,6,flat,4,230.0,200.0,0,0.022248402
200,2,20,6,pddl_pomdp,4,1.384615385,1.24,1,0.007381339
200,2,20,6,flat,5,230.0,200.0,1,0.016209374
200,2,20,6,pddl_pomdp,5,1.428571429,1.241525424,1,0.008158754
200,2,20,6,flat,6,230.0,200.0,1,0.019162341
200,2,20,6,pddl_pomdp,6,1.333333333,1.241545894,1,0.007139831
200,2,20,6,flat,7,230.0,200.0,1,0.022229225
200,2,20,6,pddl_pomdp,7,1.428571429,1.247663551,1,0.007766935
200,2,20,6,flat,8,230.0,200.0,1,0.018451096
200,2,20,6,pddl_pomdp,8,1.333333333,1.247524752,1,0.00712879
200,2,20,6,flat,9,230.0,200.0,1,0.017930183
200,2,20,6,pddl_pomdp,9,1.307692308,1.243093923,1,0.007591366
200,2,20,6,flat,10,230.0,200.0,1,0.016507022
200,2,20,6,pddl_pomdp,10,1.307692308,1.255060729,1,0.008210853
200,2,20,6,flat,11,230.0,199.928571429,1,0.015664167
200,2,20,6,pddl_pomdp,11,1.384615385,1.267782427,1,0.007925897
200,2,20,6,flat,12,230.0,200.0,0,0.023000383
200,2,20,6,pddl_pomdp,12,1.461538462,1.241525424,1,0.007344679
200,2,20,6,flat,13,230.0,200.0,1,0.017660108
200,2,20,6,pddl_pomdp,13,1.4375,1.243697479,1,0.010905185
200,2,20,6,flat,14,230.0,200.0,1,0.015739935
200,2,20,6,pddl_pomdp,14,1.4,1.240131579,1,0.009264615
200,2,20,6,flat,15,230.0,200.0,0,0.023492901
200,2,20,6,pddl_pomdp,15,1.428571429,1.255924171,1,0.007807399
200,2,20,6,flat,16,230.0,200.0,1,0.015529573
200,2,20,6,pddl_pomdp,16,1.307692308,1.243027888,1,0.008098413
200,2,20,6,flat,17,230.0,200.0,1,0.015573031
200,2,20,6,pddl_pomdp,17,1.428571429,1.265384615,1,0.008923605
200,2,20,6,flat,18,230.0,200.0,1,0.02205727
200,2,20,6,pddl_pomdp,18,1.4,1.246200608,1,0.009775073
200,2,20,6,flat,19,230.0,200.0,0,0.023103344
200,2,20,6,pddl_pomdp,19,1.466666667,1.258389262,1,0.009177042
200,2,20,8,flat,0,348.0,200.0,0,0.044797772
200,2,20,8,pddl_pomdp,0,1.333333333,1.251184834,1,0.007017459
200,2,20,8,flat,1,348.0,200.0,0,0.041806371
200,2,20,8,pddl_pomdp,1,1.384615385,1.234513274,1,0.00776351
200,2,20,8,flat,2,348.0,200.0,1,0.037258385
200,2,20,8,pddl_pomdp,2,1.4375,1.238993711,1,0.009970719
200,2,20,8,flat,3,348.0,200.0,0,0.041345025
200,2,20,8,pddl_pomdp,3,1.4375,1.240924092,1,0.01042855
200,2,20,8,flat,4,348.0,200.0,1,0.041423659
200,2,20,8,pddl_pomdp,4,1.333333333,1.248803828,1,0.007216754
200,2,20,8,flat,5,348.0,200.0,0,0.041203128
200,2,20,8,pddl_pomdp,5,1.4,1.230769231,1,0.00892115
200,2,20,8,flat,6,348.0,200.0,0,0.041545009
200,2,20,8,pddl_pomdp,6,1.384615385,1.253623188,1,0.008190577
200,2,20,8,flat,7,348.0,200.0,0,0.041278252
200,2,20,8,pddl_pomdp,7,1.428571429,1.244541485,1,0.008319339
200,2,20,8,flat,8,348.0,200.0,0,0.041269006
200,2,20,8,pddl_pomdp,8,1.307692308,1.235741445,1,0.00834302
200,2,20,8,flat,9,348.0,200.0,1,0.037852909
200,2,20,8,pddl_pomdp,9,1.333333333,1.274193548,1,0.006976554
200,2,20,8,flat,10,348.0,200.0,1,0.041048647
200,2,20,8,pddl_pomdp,10,1.333333333,1.261538462,1,0.007019459
200,2,20,8,flat,11,348.0,200.0,0,0.041911365
200,2,20,8,pddl_pomdp,11,1.384615385,1.246696035,1,0.007793626
200,2,20,8,flat,12,348.0,200.0,0,0.041804045
200,2,20,8,pddl_pomdp,12,1.466666667,1.242718447,1,0.009443228
200,2,20,8,flat,13,348.0,200.0,1,0.039665502
200,2,20,8,pddl_pomdp,13,1.428571429,1.255905512,1,0.009227393
200,2,20,8,flat,14,348.0,200.0,0,0.04151013
200,2,20,8,pddl_pomdp,14,1.333333333,1.26519337,1,0.007098025
200,2,20,8,flat,15,348.0,200.0,0,0.04349114
200,2,20,8,pddl_pomdp,15,1.466666667,1.247524752,1,0.009317174
200,2,20,8,flat,16,348.0,200.0,0,0.04158805
200,2,20,8,pddl_pomdp,16,1.357142857,1.265682657,1,0.009265014
200,2,20,8,flat,17,348.0,200.0,0,0.041392087
200,2,20,8,pddl_pomdp,17,1.466666667,1.246575342,1,0.009793922
200,2,20,8,flat,18,348.0,200.0,0,0.040353985
200,2,20,8,pddl_pomdp,18,1.428571429,1.277992278,1,0.009210264
200,2,20,8,flat,19,348.0,200.0,0,0.043268921
200,2,20,8,pddl_pomdp,19,1.4,1.238255034,1,0.01007781
200,2,20,12,flat,0,656.0,200.0,0,0.051438573
200,2,20,12,pddl_pomdp,0,1.333333333,1.26344086,1,0.007787967
200,2,20,12,flat,1,656.0,200.0,0,0.063878656
200,2,20,12,pddl_pomdp,1,1.4,1.248344371,1,0.011073535
200,2,20,12,flat,2,656.0,200.0,0,0.051606595
200,2,20,12,pddl_pomdp,2,1.428571429,1.23853211,1,0.009328257
200,2,20,12,flat,3,656.0,200.0,0,0.052057534
200,2,20,12,pddl_pomdp,3,1.4375,1.242038217,1,0.011651351
200,2,20,12,flat,4,656.0,200.0,0,0.053760179
200,2,20,12,pddl_pomdp,4,1.307692308,1.243801653,1,0.009082072
200,2,20,12,flat,5,656.0,200.0,0,0.050777316
200,2,20,12,pddl_pomdp,5,1.4,1.233962264,1,0.01041875
200,2,20,12,flat,6,656.0,200.0,0,0.05044921
200,2,20,12,pddl_pomdp,6,1.307692308,1.242798354,1,0.009069985
200,2,20,12,flat,7,656.0,200.0,0,0.04960117
200,2,20,12,pddl_pomdp,7,1.466666667,1.246428571,1,0.010187224
200,2,20,12,flat,8,656.0,200.0,0,0.0504156
200,2,20,12,pddl_pomdp,8,1.307692308,1.230046948,1,0.008357506
200,2,20,12,flat,9,656.0,200.0,0,0.050605779
200,2,20,12,pddl_pomdp,9,1.333333333,1.241545894,1,0.007916037
200,2,20,12,flat,10,656.0,200.0,0,0.053292934
200,2,20,12,pddl_pomdp,10,1.333333333,1.245098039,1,0.007992662
200,2,20,12,flat,11,656.0,200.0,0,0.050022267
200,2,20,12,pddl_pomdp,11,1.333333333,1.258536585,1,0.007761566
200,2,20,12,flat,12,656.0,200.0,0,0.049930702
200,2,20,12,pddl_pomdp,12,1.466666667,1.245033113,1,0.010301374
200,2,20,12,flat,13,656.0,200.0,0,0.050395225
200,2,20,12,pddl_pomdp,13,1.461538462,1.261083744,1,0.008795969
200,2,20,12,flat,14,656.0,200.0,0,0.049926926
200,2,20,12,pddl_pomdp,14,1.333333333,1.266331658,1,0.007759664
200,2,20,12,flat,15,656.0,200.0,0,0.050109731
200,2,20,12,pddl_pomdp,15,1.4375,1.226837061,1,0.010925325
200,2,20,12,flat,16,656.0,200.0,0,0.050404041
200,2,20,12,pddl_pomdp,16,1.333333333,1.25877193,1,0.008007533
200,2,20,12,flat,17,656.0,200.0,0,0.050918515
200,2,20,12,pddl_pomdp,17,1.4,1.249097473,1,0.010718802
200,2,20,12,flat,18,656.0,200.0,0,0.050209248
200,2,20,12,pddl_pomdp,18,1.428571429,1.263565891,1,0.010071193
200,2,20,12,flat,19,656.0,200.0,0,0.050259874
200,2,20,12,pddl_pomdp,19,1.466666667,1.265232975,1,0.01073115
2000,1,12,1,flat,0,38.0,4.00755287,1,0.03096129
2000,1,12,1,pddl_pomdp,0,1.375,1.173913043,1,0.029870934
2000,1,12,1,flat,1,38.0,4.042951542,1,0.023606141
2000,1,12,1,pddl_pomdp,1,1.285714286,1.186046512,1,0.024593272
2000,1,12,1,flat,2,38.0,4.263157895,1,0.029939318
2000,1,12,1,pddl_pomdp,2,1.285714286,1.177777778,1,0.024974158
2000,1,12,1,flat,3,38.0,3.888556297,0,0.061294371
2000,1,12,1,pddl_pomdp,3,1.5,1.218181818,1,0.027633184
2000,1,12,1,flat,4,38.0,4.089783282,1,0.03274726
2000,1,12,1,pddl_pomdp,4,1.375,1.164383562,1,0.03086045
2000,1,12,1,flat,5,38.0,4.059384164,1,0.033804349
2000,1,12,1,pddl_pomdp,5,1.375,1.168674699,1,0.031808846
2000,1,12,1,flat,6,38.0,4.363740023,1,0.023904726
2000,1,12,1,pddl_pomdp,6,1.285714286,1.178571429,1,0.025269612
2000,1,12,1,flat,7,38.0,3.967260472,1,0.040474934
2000,1,12,1,pddl_pomdp,7,1.25,1.163265306,1,0.029504856
2000,1,12,1,flat,8,38.0,4.076923077,1,0.024253021
2000,1,12,1,pddl_pomdp,8,1.285714286,1.175438596,1,0.025234269
2000,1,12,1,flat,9,38.0,4.058305831,1,0.023852451
2000,1,12,1,pddl_pomdp,9,1.25,1.156862745,1,0.029522954
2000,1,12,1,flat,10,38.0,4.573446328,1,0.025027786
2000,1,12,1,pddl_pomdp,10,1.285714286,1.19047619,1,0.024712957
2000,1,12,1,flat,11,38.0,4.098924731,1,0.023661012
2000,1,12,1,pddl_pomdp,11,1.375,1.168674699,1,0.033984544
2000,1,12,1,flat,12,38.0,4.06013986,1,0.05031501
2000,1,12,1,pddl_pomdp,12,1.285714286,1.178571429,1,0.024305142
2000,1,12,1,flat,13,38.0,3.932324324,0,0.058040523
2000,1,12,1,pddl_pomdp,13,1.444444444,1.192307692,1,0.036115313
2000,1,12,1,flat,14,38.0,4.479250335,1,0.026203499
2000,1,12,1,pddl_pomdp,14,1.375,1.162790698,1,0.032063288
2000,1,12,1,flat,15,38.0,4.238705739,1,0.03492968
2000,1,12,1,pddl_pomdp,15,1.285714286,1.178571429,1,0.025067198
2000,1,12,1,flat,16,38.0,4.261853448,1,0.025118043
2000,1,12,1,pddl_pomdp,16,1.285714286,1.181818182,1,0.024503127
2000,1,12,1,flat,17,38.0,3.929132141,0,0.058823445
2000,1,12,1,pddl_pomdp,17,1.444444444,1.186666667,1,0.035909089
2000,1,12,1,flat,18,38.0,3.859754738,0,0.058630084
2000,1,12,1,pddl_pomdp,18,1.444444444,1.193548387,1,0.035464437
2000,1,12,1,flat,19,38.0,3.84291939,0,0.059198671
2000,1,12,1,pddl_pomdp,19,1.4,1.156862745,1,0.044171663
2000,2,20,2,flat,0,66.0,4.10569301,1,0.068243088
2000,2,20,2,pddl_pomdp,0,1.333333333,1.241666667,1,0.082865505
2000,2,20,2,flat,1,66.0,4.375400758,1,0.063800747
2000,2,20,2,pddl_pomdp,1,1.428571429,1.234501348,1,0.099195983
2000,2,20,2,flat,2,66.0,3.884743766,0,0.109239608
2000,2,20,2,pddl_pomdp,2,1.4,1.213058419,1,0.092477058
2000,2,20,2,flat,3,66.0,3.538831065,0,0.10226177
2000,2,20,2,pddl_pomdp,3,1.4375,1.239782016,1,0.112384289
2000,2,20,2,flat,4,66.0,4.243981137,1,0.066531187
2000,2,20,2,pddl_pomdp,4,1.333333333,1.240909091,1,0.074283619
2000,2,20,2,flat,5,66.0,4.099595228,0,0.114606032
2000,2,20,2,pddl_pomdp,5,1.4375,1.224438903,1,0.10920568
2000,2,20,2,flat,6,66.0,4.410391127,1,0.061265212
2000,2,20,2,pddl_pomdp,6,1.428571429,1.233766234,1,0.097777726
2000,2,20,2,flat,7,66.0,4.030546289,0,0.115048679
2000,2,20,2,pddl_pomdp,7,1.428571429,1.226190476,1,0.08398018
2000,2,20,2,flat,8,66.0,4.325781474,1,0.066235741
2000,2,20,2,pddl_pomdp,8,1.384615385,1.244239631,1,0.087046205
2000,2,20,2,flat,9,66.0,4.114845938,1,0.090345381
2000,2,20,2,pddl_pomdp,9,1.384615385,1.231111111,1,0.085530768
2000,2,20,2,flat,10,66.0,4.421453693,1,0.063847348
2000,2,20,2,pddl_pomdp,10,1.384615385,1.230088496,1,0.084155962
2000,2,20,2,flat,11,66.0,4.382858609,1,0.068031225
2000,2,20,2,pddl_pomdp,11,1.384615385,1.233480176,1,0.084732448
2000,2,20,2,flat,12,66.0,3.838961791,0,0.106301334
2000,2,20,2,pddl_pomdp,12,1.466666667,1.238390093,1,0.106208183
2000,2,20,2,flat,13,66.0,3.636338698,0,0.097366063
2000,2,20,2,pddl_pomdp,13,1.428571429,1.260536398,1,0.097379789
2000,2,20,2,flat,14,66.0,4.207891852,1,0.079509033
2000,2,20,2,pddl_pomdp,14,1.333333333,1.24015748,1,0.082625669
2000,2,20,2,flat,15,66.0,3.942979401,0,0.109641634
2000,2,20,2,pddl_pomdp,15,1.4375,1.223796034,1,0.112863016
2000,2,20,2,flat,16,66.0,4.155999027,1,0.070588666
2000,2,20,2,pddl_pomdp,16,1.384615385,1.236065574,1,0.088217098
2000,2,20,2,flat,17,66.0,3.576722432,0,0.102671184
2000,2,20,2,pddl_pomdp,17,1.466666667,1.224489796,1,0.110524625
2000,2,20,2,flat,18,66.0,3.652469249,0,0.106425763
2000,2,20,2,pddl_pomdp,18,1.428571429,1.243727599,1,0.100275499
2000,2,20,2,flat,19,66.0,3.532415631,0,0.105765271
2000,2,20,2,pddl_pomdp,19,1.4,1.233830846,1,0.113791498
2000,4,36,4,flat,0,152.0,6.633484163,0,0.781503307
2000,4,36,4,pddl_pomdp,0,1.416666667,1.287800687,1,0.283184338
2000,4,36,4,flat,1,152.0,6.894347241,0,0.769402209
2000,4,36,4,pddl_pomdp,1,1.407407407,1.288243626,1,0.32477524
2000,4,36,4,flat,2,152.0,7.023501763,0,0.751800277
2000,4,36,4,pddl_pomdp,2,1.464285714,1.280230326,1,0.335433632
2000,4,36,4,flat,3,152.0,8.174012072,0,0.743819512
2000,4,36,4,pddl_pomdp,3,1.44,1.291944815,1,0.301027683
2000,4,36,4,flat,4,152.0,7.194230191,0,0.756676453
2000,4,36,4,pddl_pomdp,4,1.375,1.286123033,1,0.269393893
2000,4,36,4,flat,5,152.0,7.050977311,0,0.747913507
2000,4,36,4,pddl_pomdp,5,1.464285714,1.291497976,1,0.323811561
2000,4,36,4,flat,6,152.0,6.670660351,0,0.779849931
2000,4,36,4,pddl_pomdp,6,1.36,1.282630029,1,0.294001141
2000,4,36,4,flat,7,152.0,6.66747167,0,0.746437214
2000,4,36,4,pddl_pomdp,7,1.5,1.279114907,1,0.321765875
2000,4,36,4,flat,8,152.0,7.026122689,0,0.753854081
2000,4,36,4,pddl_pomdp,8,1.423076923,1.278082876,1,0.293519862
2000,4,36,4,flat,9,152.0,7.277462505,0,0.756707353
2000,4,36,4,pddl_pomdp,9,1.464285714,1.28729963,1,0.314895674
2000,4,36,4,flat,10,152.0,6.223299863,1,0.563809985
2000,4,36,4,pddl_pomdp,10,1.4,1.285916824,1,0.288084038
2000,4,36,4,flat,11,152.0,6.799962114,0,0.758387047
2000,4,36,4,pddl_pomdp,11,1.423076923,1.284581498,1,0.293245268
2000,4,36,4,flat,12,152.0,7.794395569,0,0.733729032
2000,4,36,4,pddl_pomdp,12,1.448275862,1.280325761,1,0.330142971
2000,4,36,4,flat,13,152.0,7.997214795,0,0.753793741
2000,4,36,4,pddl_pomdp,13,1.444444444,1.287671233,1,0.331526855
2000,4,36,4,flat,14,152.0,6.114561148,1,0.583974403
2000,4,36,4,pddl_pomdp,14,1.363636364,1.289218483,1,0.264208979
2000,4,36,4,flat,15,152.0,7.005170227,0,0.750307975
2000,4,36,4,pddl_pomdp,15,1.44,1.284761416,1,0.281556359
2000,4,36,4,flat,16,152.0,6.281036561,1,0.637320225
2000,4,36,4,pddl_pomdp,16,1.44,1.29154757,1,0.295256125
2000,4,36,4,flat,17,152.0,8.424815119,0,0.742983661
2000,4,36,4,pddl_pomdp,17,1.481481481,1.285656072,1,0.35603791
2000,4,36,4,flat,18,152.0,7.919801434,0,0.745883561
2000,4,36,4,pddl_pomdp,18,1.461538462,1.290584416,1,0.320987597
2000,4,36,4,flat,19,152.0,7.250807754,0,0.739824428
2000,4,36,4,pddl_pomdp,19,1.464285714,1.282669138,1,0.341204112
2000,6,52,6,flat,0,278.0,4.050446231,1,0.815241293
2000,6,52,6,pddl_pomdp,0,1.411764706,1.32414175,1,0.547693385
2000,6,52,6,flat,1,278.0,4.246522867,1,0.788719484
2000,6,52,6,pddl_pomdp,1,1.411764706,1.319616412,1,0.564981916
2000,6,52,6,flat,2,278.0,5.81209068,0,1.110332897
2000,6,52,6,pddl_pomdp,2,1.432432432,1.324161651,1,0.585645952
2000,6,52,6,flat,3,278.0,6.387231687,0,1.085670544
2000,6,52,6,pddl_pomdp,3,1.416666667,1.31388102,1,0.566502168
2000,6,52,6,flat,4,278.0,4.324832062,1,0.748956981
2000,6,52,6,pddl_pomdp,4,1.411764706,1.321287192,1,0.552825624
2000,6,52,6,flat,5,278.0,6.064646111,0,0.956015775
2000,6,52,6,pddl_pomdp,5,1.45,1.320692498,1,0.632304795
2000,6,52,6,flat,6,278.0,3.911383332,1,0.647372996
2000,6,52,6,pddl_pomdp,6,1.4,1.321356094,1,0.57544634
2000,6,52,6,flat,7,278.0,5.488347514,0,0.951089417
2000,6,52,6,pddl_pomdp,7,1.487804878,1.314021368,1,0.610686671
2000,6,52,6,flat,8,278.0,5.557690249,0,1.096770478
2000,6,52,6,pddl_pomdp,8,1.459459459,1.315063431,1,0.555225708
2000,6,52,6,flat,9,278.0,5.955155408,0,1.106638538
2000,6,52,6,pddl_pomdp,9,1.43902439,1.316166884,1,0.622518509
2000,6,52,6,flat,10,278.0,3.994466607,1,0.634625676
2000,6,52,6,pddl_pomdp,10,1.388888889,1.321108209,1,0.578312785
2000,6,52,6,flat,11,278.0,4.862131923,0,1.114386167
2000,6,52,6,pddl_pomdp,11,1.473684211,1.313896602,1,0.548202492
2000,6,52,6,flat,12,278.0,6.521952139,0,0.961782129
2000,6,52,6,pddl_pomdp,12,1.475,1.318745364,1,0.630866326
2000,6,52,6,flat,13,278.0,6.471794552,0,0.953782898
2000,6,52,6,pddl_pomdp,13,1.5,1.322876654,1,0.601239168
2000,6,52,6,flat,14,278.0,5.063124543,0,1.106381324
2000,6,52,6,pddl_pomdp,14,1.428571429,1.322125,1,0.541081993
2000,6,52,6,flat,15,278.0,5.936546047,0,1.084587309
2000,6,52,6,pddl_pomdp,15,1.444444444,1.316265839,1,0.548281011
2000,6,52,6,flat,16,278.0,4.251474752,1,0.82236746
2000,6,52,6,pddl_pomdp,16,1.405405405,1.321127386,1,0.578663398
2000,6,52,6,flat,17,278.0,6.333069041,0,1.075157063
2000,6,52,6,pddl_pomdp,17,1.475,1.317436362,1,0.660697042
2000,6,52,6,flat,18,278.0,6.994274552,0,0.958990588
2000,6,52,6,pddl_pomdp,18,1.512820513,1.313737858,1,0.575161519
2000,6,52,6,flat,19,278.0,5.788704912,0,1.091525221
2000,6,52,6,pddl_pomdp,19,1.487804878,1.319776945,1,0.66735294
2000,8,68,8,flat,0,444.0,3.788094242,0,2.48728041
2000,8,68,8,pddl_pomdp,0,1.442307692,1.342917567,1,0.989220893
2000,8,68,8,flat,1,444.0,3.464723081,1,1.471088414
2000,8,68,8,pddl_pomdp,1,1.391304348,1.34513404,1,0.961947242
2000,8,68,8,flat,2,444.0,4.273911812,0,2.353494024
2000,8,68,8,pddl_pomdp,2,1.448979592,1.342434258,1,0.931919412
2000,8,68,8,flat,3,444.0,4.228390833,0,2.425063468
2000,8,68,8,pddl_pomdp,3,1.4375,1.348883689,1,0.89226251
2000,8,68,8,flat,4,444.0,3.491043804,1,1.487973186
2000,8,68,8,pddl_pomdp,4,1.413043478,1.347009935,1,0.889394203
2000,8,68,8,flat,5,444.0,4.266800716,0,2.397430079
2000,8,68,8,pddl_pomdp,5,1.469387755,1.343925986,1,0.938320754
2000,8,68,8,flat,6,444.0,3.549717558,1,1.730395411
2000,8,68,8,pddl_pomdp,6,1.382978723,1.342729585,1,0.90780706
2000,8,68,8,flat,7,444.0,4.211811048,0,2.363223528
2000,8,68,8,pddl_pomdp,7,1.471698113,1.340687556,1,1.048818963
2000,8,68,8,flat,8,444.0,4.136031427,0,2.395255145
2000,8,68,8,pddl_pomdp,8,1.44,1.34077275,1,0.955312474
2000,8,68,8,flat,9,444.0,4.233968264,0,2.408874394
2000,8,68,8,pddl_pomdp,9,1.471698113,1.340248557,1,0.990226039
2000,8,68,8,flat,10,444.0,3.522966394,1,1.714264819
2000,8,68,8,pddl_pomdp,10,1.416666667,1.344337138,1,0.944062045
2000,8,68,8,flat,11,444.0,4.14673017,0,2.335014861
2000,8,68,8,pddl_pomdp,11,1.461538462,1.337678084,1,1.049715511
2000,8,68,8,flat,12,444.0,4.27333669,0,2.437343489
2000,8,68,8,pddl_pomdp,12,1.48,1.348466089,1,0.969881014
2000,8,68,8,flat,13,444.0,4.346294163,0,2.275686174
2000,8,68,8,pddl_pomdp,13,1.446428571,1.342682102,1,1.156555894
2000,8,68,8,flat,14,444.0,4.060992017,0,2.39771381
2000,8,68,8,pddl_pomdp,14,1.416666667,1.338190015,1,0.888424262
2000,8,68,8,flat,15,444.0,4.265288815,0,2.398774526
2000,8,68,8,pddl_pomdp,15,1.470588235,1.346023879,1,0.991316305
2000,8,68,8,flat,16,444.0,3.886841578,0,2.331805174
2000,8,68,8,pddl_pomdp,16,1.448979592,1.344307415,1,0.950958809
2000,8,68,8,flat,17,444.0,4.403255618,0,2.372814605
2000,8,68,8,pddl_pomdp,17,1.510204082,1.345413914,1,0.930350197
2000,8,68,8,flat,18,444.0,4.280373243,0,2.381742267
2000,8,68,8,pddl_pomdp,18,1.5,1.34661548,1,1.04779171
2000,8,68,8,flat,19,444.0,4.303857247,0,2.405585678
2000,8,68,8,pddl_pomdp,19,1.5,1.349653743,1,0.99313006
2000,2,2,2,flat,0,66.0,6.034749035,1,0.040509216
2000,2,2,2,pddl_pomdp,0,1.4,1.441176471,1,0.024831061
2000,2,2,2,flat,1,66.0,5.796420582,1,0.028817058
2000,2,2,2,pddl_pomdp,1,1.333333333,1.5,1,0.025333197
2000,2,2,2,flat,2,66.0,6.865552904,0,0.053495567
2000,2,2,2,pddl_pomdp,2,1.461538462,1.433333333,1,0.023796318
2000,2,2,2,flat,3,66.0,5.790462428,0,0.048823106
2000,2,2,2,pddl_pomdp,3,1.4,1.382352941,1,0.029671325
2000,2,2,2,flat,4,66.0,6.250314465,1,0.043017798
2000,2,2,2,pddl_pomdp,4,1.384615385,1.34375,1,0.022442321
2000,2,2,2,flat,5,66.0,5.978486056,0,0.058722897
2000,2,2,2,pddl_pomdp,5,1.466666667,1.432432432,1,0.026024846
2000,2,2,2,flat,6,66.0,5.654788419,1,0.029804911
2000,2,2,2,pddl_pomdp,6,1.428571429,1.451612903,1,0.024878819
2000,2,2,2,flat,7,66.0,5.985634477,0,0.051388732
2000,2,2,2,pddl_pomdp,7,1.4375,1.421052632,1,0.031879718
2000,2,2,2,flat,8,66.0,5.893617021,1,0.031834622
2000,2,2,2,pddl_pomdp,8,1.384615385,1.379310345,1,0.023142366
2000,2,2,2,flat,9,66.0,6.535768645,1,0.038349678
2000,2,2,2,pddl_pomdp,9,1.357142857,1.363636364,1,0.022944362
2000,2,2,2,flat,10,66.0,5.74017094,1,0.034768606
2000,2,2,2,pddl_pomdp,10,1.384615385,1.35483871,1,0.0280833
2000,2,2,2,flat,11,66.0,5.801541426,1,0.032097808
2000,2,2,2,pddl_pomdp,11,1.384615385,1.366666667,1,0.023127257
2000,2,2,2,flat,12,66.0,6.434713376,0,0.051223911
2000,2,2,2,pddl_pomdp,12,1.4,1.351351351,1,0.02627634
2000,2,2,2,flat,13,66.0,6.703272727,0,0.055111797
2000,2,2,2,pddl_pomdp,13,1.428571429,1.457142857,1,0.024718231
2000,2,2,2,flat,14,66.0,5.660030628,1,0.038189175
2000,2,2,2,pddl_pomdp,14,1.384615385,1.366666667,1,0.022111515
2000,2,2,2,flat,15,66.0,6.019093079,0,0.050488327
2000,2,2,2,pddl_pomdp,15,1.428571429,1.382352941,1,0.024382894
2000,2,2,2,flat,16,66.0,6.102222222,1,0.03098913
2000,2,2,2,pddl_pomdp,16,1.384615385,1.35483871,1,0.029178304
2000,2,2,2,flat,17,66.0,6.065989848,0,0.049958078
2000,2,2,2,pddl_pomdp,17,1.4,1.371428571,1,0.026131897
2000,2,2,2,flat,18,66.0,5.555797101,0,0.0499905
2000,2,2,2,pddl_pomdp,18,1.466666667,1.473684211,1,0.027528289
2000,2,2,2,flat,19,66.0,5.768283852,0,0.047354427
2000,2,2,2,pddl_pomdp,19,1.466666667,1.5,1,0.025924796
2000,2,4,2,flat,0,66.0,4.143106893,1,0.063152944
2000,2,4,2,pddl_pomdp,0,1.357142857,1.342465753,1,0.04694623
2000,2,4,2,flat,1,66.0,4.570628768,1,0.050111101
2000,2,4,2,pddl_pomdp,1,1.384615385,1.366197183,1,0.043124812
2000,2,4,2,flat,2,66.0,3.824494949,0,0.089754576
2000,2,4,2,pddl_pomdp,2,1.466666667,1.363636364,1,0.052970244
2000,2,4,2,flat,3,66.0,4.041636582,0,0.092229417
2000,2,4,2,pddl_pomdp,3,1.466666667,1.3875,1,0.0505644
2000,2,4,2,flat,4,66.0,4.286827957,1,0.068701002
2000,2,4,2,pddl_pomdp,4,1.333333333,1.403225806,1,0.041120405
2000,2,4,2,flat,5,66.0,4.007368553,0,0.094164884
2000,2,4,2,pddl_pomdp,5,1.428571429,1.361111111,1,0.047458272
2000,2,4,2,flat,6,66.0,4.376897133,1,0.053342957
2000,2,4,2,pddl_pomdp,6,1.333333333,1.37704918,1,0.040376232
2000,2,4,2,flat,7,66.0,3.955778521,0,0.090512439
2000,2,4,2,pddl_pomdp,7,1.428571429,1.383561644,1,0.04792924
2000,2,4,2,flat,8,66.0,4.39407086,1,0.055231444
2000,2,4,2,pddl_pomdp,8,1.357142857,1.361111111,1,0.047320422
2000,2,4,2,flat,9,66.0,4.299094708,1,0.054526345
2000,2,4,2,pddl_pomdp,9,1.307692308,1.349206349,1,0.041226643
2000,2,4,2,flat,10,66.0,4.421029668,1,0.050046193
2000,2,4,2,pddl_pomdp,10,1.428571429,1.402597403,1,0.047751474
2000,2,4,2,flat,11,66.0,4.527409372,1,0.05346835
2000,2,4,2,pddl_pomdp,11,1.333333333,1.363636364,1,0.038937114
2000,2,4,2,flat,12,66.0,3.798993325,0,0.089965532
2000,2,4,2,pddl_pomdp,12,1.466666667,1.388235294,1,0.049813858
2000,2,4,2,flat,13,66.0,3.698619407,0,0.086640558
2000,2,4,2,pddl_pomdp,13,1.4,1.320987654,1,0.051191662
2000,2,4,2,flat,14,66.0,4.661172161,1,0.050246145
2000,2,4,2,pddl_pomdp,14,1.307692308,1.365079365,1,0.045442063
2000,2,4,2,flat,15,66.0,3.852275326,0,0.090613145
2000,2,4,2,pddl_pomdp,15,1.428571429,1.363636364,1,0.045940341
2000,2,4,2,flat,16,66.0,4.304277643,1,0.051576401
2000,2,4,2,pddl_pomdp,16,1.333333333,1.4,1,0.040405057
2000,2,4,2,flat,17,66.0,3.730259067,0,0.099510736
2000,2,4,2,pddl_pomdp,17,1.4375,1.341176471,1,0.056227995
2000,2,4,2,flat,18,66.0,3.908602151,0,0.088369741
2000,2,4,2,pddl_pomdp,18,1.4,1.358974359,1,0.050356088
2000,2,4,2,flat,19,66.0,3.870378619,0,0.087927376
2000,2,4,2,pddl_pomdp,19,1.4375,1.322580645,1,0.056621736
2000,2,8,2,flat,0,66.0,4.10569301,1,0.062261992
2000,2,8,2,pddl_pomdp,0,1.384615385,1.325301205,1,0.073549066
2000,2,8,2,flat,1,66.0,4.375400758,1,0.056645655
2000,2,8,2,pddl_pomdp,1,1.333333333,1.311594203,1,0.065837559
2000,2,8,2,flat,2,66.0,3.884743766,0,0.097884718
2000,2,8,2,pddl_pomdp,2,1.466666667,1.319796954,1,0.085009274
2000,2,8,2,flat,3,66.0,3.538831065,0,0.102179382
2000,2,8,2,pddl_pomdp,3,1.4375,1.351758794,1,0.097477185
2000,2,8,2,flat,4,66.0,4.243981137,1,0.0592898
2000,2,8,2,pddl_pomdp,4,1.333333333,1.333333333,1,0.058756427
2000,2,8,2,flat,5,66.0,4.099595228,0,0.098375792
2000,2,8,2,pddl_pomdp,5,1.4,1.261780105,1,0.084676893
2000,2,8,2,flat,6,66.0,4.410391127,1,0.059028314
2000,2,8,2,pddl_pomdp,6,1.428571429,1.308988764,1,0.077603556
2000,2,8,2,flat,7,66.0,4.030546289,0,0.109175753
2000,2,8,2,pddl_pomdp,7,1.428571429,1.3125,1,0.076540484
2000,2,8,2,flat,8,66.0,4.325781474,1,0.061072006
2000,2,8,2,pddl_pomdp,8,1.357142857,1.275449102,1,0.08813831
2000,2,8,2,flat,9,66.0,4.114845938,1,0.086954518
2000,2,8,2,pddl_pomdp,9,1.333333333,1.316546763,1,0.07431476
2000,2,8,2,flat,10,66.0,4.421453693,1,0.05670538
2000,2,8,2,pddl_pomdp,10,1.357142857,1.323353293,1,0.079015757
2000,2,8,2,flat,11,66.0,4.382858609,1,0.062426452
2000,2,8,2,pddl_pomdp,11,1.384615385,1.3375,1,0.073302222
2000,2,8,2,flat,12,66.0,3.838961791,0,0.098965113
2000,2,8,2,pddl_pomdp,12,1.428571429,1.292682927,1,0.079032729
2000,2,8,2,flat,13,66.0,3.636338698,0,0.088469466
2000,2,8,2,pddl_pomdp,13,1.428571429,1.38,1,0.081018458
2000,2,8,2,flat,14,66.0,4.207891852,1,0.077816812
2000,2,8,2,pddl_pomdp,14,1.333333333,1.307142857,1,0.066971034
2000,2,8,2,flat,15,66.0,3.942979401,0,0.097917254
2000,2,8,2,pddl_pomdp,15,1.466666667,1.322033898,1,0.083694918
2000,2,8,2,flat,16,66.0,4.155999027,1,0.061546575
2000,2,8,2,pddl_pomdp,16,1.333333333,1.3046875,1,0.065439194
2000,2,8,2,flat,17,66.0,3.576722432,0,0.091982966
2000,2,8,2,pddl_pomdp,17,1.4,1.317073171,1,0.086900723
2000,2,8,2,flat,18,66.0,3.652469249,0,0.097159843
2000,2,8,2,pddl_pomdp,18,1.466666667,1.327683616,1,0.087672124
2000,2,8,2,flat,19,66.0,3.532415631,0,0.094517506
2000,2,8,2,pddl_pomdp,19,1.466666667,1.325842697,1,0.087383385
2000,2,12,2,flat,0,66.0,4.10569301,1,0.060926596
2000,2,12,2,pddl_pomdp,0,1.333333333,1.282296651,1,0.077988942
2000,2,12,2,flat,1,66.0,4.375400758,1,0.057799366
2000,2,12,2,pddl_pomdp,1,1.428571429,1.28,1,0.097300683
2000,2,12,2,flat,2,66.0,3.884743766,0,0.095719593
2000,2,12,2,pddl_pomdp,2,1.466666667,1.259375,1,0.098571176
2000,2,12,2,flat,3,66.0,3.538831065,0,0.090340222
2000,2,12,2,pddl_pomdp,3,1.4,1.272727273,1,0.107810214
2000,2,12,2,flat,4,66.0,4.243981137,1,0.05891397
2000,2,12,2,pddl_pomdp,4,1.333333333,1.275280899,1,0.071122428
2000,2,12,2,flat,5,66.0,4.099595228,0,0.103804917
2000,2,12,2,pddl_pomdp,5,1.5,1.303249097,1,0.095423361
2000,2,12,2,flat,6,66.0,4.410391127,1,0.055119499
2000,2,12,2,pddl_pomdp,6,1.333333333,1.283018868,1,0.070337399
2000,2,12,2,flat,7,66.0,4.030546289,0,0.098740865
2000,2,12,2,pddl_pomdp,7,1.466666667,1.277192982,1,0.104089675
2000,2,12,2,flat,8,66.0,4.325781474,1,0.055065331
2000,2,12,2,pddl_pomdp,8,1.333333333,1.271186441,1,0.072060557
2000,2,12,2,flat,9,66.0,4.114845938,1,0.079648191
2000,2,12,2,pddl_pomdp,9,1.4,1.265822785,1,0.114279671
2000,2,12,2,flat,10,66.0,4.421453693,1,0.056193749
2000,2,12,2,pddl_pomdp,10,1.357142857,1.24,1,0.090923612
2000,2,12,2,flat,11,66.0,4.382858609,1,0.060468335
2000,2,12,2,pddl_pomdp,11,1.384615385,1.288,1,0.081044496
2000,2,12,2,flat,12,66.0,3.838961791,0,0.099175676
2000,2,12,2,pddl_pomdp,12,1.4375,1.271875,1,0.112881085
2000,2,12,2,flat,13,66.0,3.636338698,0,0.086152283
2000,2,12,2,pddl_pomdp,13,1.428571429,1.269387755,1,0.097882512
2000,2,12,2,flat,14,66.0,4.207891852,1,0.072139769
2000,2,12,2,pddl_pomdp,14,1.333333333,1.298507463,1,0.071335124
2000,2,12,2,flat,15,66.0,3.942979401,0,0.097126778
2000,2,12,2,pddl_pomdp,15,1.428571429,1.254716981,1,0.108176433
2000,2,12,2,flat,16,66.0,4.155999027,1,0.063071455
2000,2,12,2,pddl_pomdp,16,1.307692308,1.258064516,1,0.083861652
2000,2,12,2,flat,17,66.0,3.576722432,0,0.091223335
2000,2,12,2,pddl_pomdp,17,1.4,1.274900398,1,0.106191424
2000,2,12,2,flat,18,66.0,3.652469249,0,0.105999713
2000,2,12,2,pddl_pomdp,18,1.4375,1.27672956,1,0.112698371
2000,2,12,2,flat,19,66.0,3.532415631,0,0.089679919
2000,2,12,2,pddl_pomdp,19,1.375,1.264094955,1,0.113273993
2000,2,20,2,flat,0,66.0,4.10569301,1,0.062702826
2000,2,20,2,pddl_pomdp,0,1.333333333,1.241666667,1,0.074249696
2000,2,20,2,flat,1,66.0,4.375400758,1,0.060613534
2000,2,20,2,pddl_pomdp,1,1.428571429,1.234501348,1,0.101660151
2000,2,20,2,flat,2,66.0,3.884743766,0,0.093793635
2000,2,20,2,pddl_pomdp,2,1.4,1.213058419,1,0.093500759
2000,2,20,2,flat,3,66.0,3.538831065,0,0.091670007
2000,2,20,2,pddl_pomdp,3,1.4375,1.239782016,1,0.114624114
2000,2,20,2,flat,4,66.0,4.243981137,1,0.059251736
2000,2,20,2,pddl_pomdp,4,1.333333333,1.240909091,1,0.074245505
2000,2,20,2,flat,5,66.0,4.099595228,0,0.100112199
2000,2,20,2,pddl_pomdp,5,1.4375,1.224438903,1,0.113405045
2000,2,20,2,flat,6,66.0,4.410391127,1,0.06337976
2000,2,20,2,pddl_pomdp,6,1.428571429,1.233766234,1,0.095169757
2000,2,20,2,flat,7,66.0,4.030546289,0,0.108033502
2000,2,20,2,pddl_pomdp,7,1.428571429,1.226190476,1,0.086292718
2000,2,20,2,flat,8,66.0,4.325781474,1,0.060953121
2000,2,20,2,pddl_pomdp,8,1.384615385,1.244239631,1,0.087940708
2000,2,20,2,flat,9,66.0,4.114845938,1,0.082478388
2000,2,20,2,pddl_pomdp,9,1.384615385,1.231111111,1,0.08866896
2000,2,20,2,flat,10,66.0,4.421453693,1,0.059099415
2000,2,20,2,pddl_pomdp,10,1.384615385,1.230088496,1,0.099405528
2000,2,20,2,flat,11,66.0,4.382858609,1,0.062030898
2000,2,20,2,pddl_pomdp,11,1.384615385,1.233480176,1,0.090269143
2000,2,20,2,flat,12,66.0,3.838961791,0,0.09886026
2000,2,20,2,pddl_pomdp,12,1.466666667,1.238390093,1,0.107938625
2000,2,20,2,flat,13,66.0,3.636338698,0,0.085856167
2000,2,20,2,pddl_pomdp,13,1.428571429,1.260536398,1,0.09767332
2000,2,20,2,flat,14,66.0,4.207891852,1,0.072133545
2000,2,20,2,pddl_pomdp,14,1.333333333,1.24015748,1,0.074942482
2000,2,20,2,flat,15,66.0,3.942979401,0,0.101099848
2000,2,20,2,pddl_pomdp,15,1.4375,1.223796034,1,0.111035829
2000,2,20,2,flat,16,66.0,4.155999027,1,0.059405092
2000,2,20,2,pddl_pomdp,16,1.384615385,1.236065574,1,0.085801792
2000,2,20,2,flat,17,66.0,3.576722432,0,0.093434727
2000,2,20,2,pddl_pomdp,17,1.466666667,1.224489796,1,0.114146523
2000,2,20,2,flat,18,66.0,3.652469249,0,0.091819124
2000,2,20,2,pddl_pomdp,18,1.428571429,1.243727599,1,0.098898646
2000,2,20,2,flat,19,66.0,3.532415631,0,0.091387341
2000,2,20,2,pddl_pomdp,19,1.4,1.233830846,1,0.109928145
2000,2,32,2,flat,0,66.0,4.10569301,1,0.068090543
2000,2,32,2,pddl_pomdp,0,1.333333333,1.241666667,1,0.074927867
2000,2,32,2,flat,1,66.0,4.375400758,1,0.056858142
2000,2,32,2,pddl_pomdp,1,1.428571429,1.234501348,1,0.104255937
2000,2,32,2,flat,2,66.0,3.884743766,0,0.099899491
2000,2,32,2,pddl_pomdp,2,1.4,1.213058419,1,0.096303116
2000,2,32,2,flat,3,66.0,3.538831065,0,0.090169213
2000,2,32,2,pddl_pomdp,3,1.4375,1.239782016,1,0.116112627
2000,2,32,2,flat,4,66.0,4.243981137,1,0.060854357
2000,2,32,2,pddl_pomdp,4,1.333333333,1.240909091,1,0.076829724
2000,2,32,2,flat,5,66.0,4.099595228,0,0.103299562
2000,2,32,2,pddl_pomdp,5,1.4375,1.224438903,1,0.112721667
2000,2,32,2,flat,6,66.0,4.410391127,1,0.056475792
2000,2,32,2,pddl_pomdp,6,1.428571429,1.233766234,1,0.094400454
2000,2,32,2,flat,7,66.0,4.030546289,0,0.09927322
2000,2,32,2,pddl_pomdp,7,1.428571429,1.226190476,1,0.086450875
2000,2,32,2,flat,8,66.0,4.325781474,1,0.05677886
2000,2,32,2,pddl_pomdp,8,1.384615385,1.244239631,1,0.091612977
2000,2,32,2,flat,9,66.0,4.114845938,1,0.079370935
2000,2,32,2,pddl_pomdp,9,1.384615385,1.231111111,1,0.086310239
2000,2,32,2,flat,10,66.0,4.421453693,1,0.059204922
2000,2,32,2,pddl_pomdp,10,1.384615385,1.230088496,1,0.084835934
2000,2,32,2,flat,11,66.0,4.382858609,1,0.060858698
2000,2,32,2,pddl_pomdp,11,1.384615385,1.233480176,1,0.091568308
2000,2,32,2,flat,12,66.0,3.838961791,0,0.102142278
2000,2,32,2,pddl_pomdp,12,1.466666667,1.238390093,1,0.112387475
2000,2,32,2,flat,13,66.0,3.636338698,0,0.085335581
2000,2,32,2,pddl_pomdp,13,1.428571429,1.260536398,1,0.102750371
2000,2,32,2,flat,14,66.0,4.207891852,1,0.072929972
2000,2,32,2,pddl_pomdp,14,1.333333333,1.24015748,1,0.079446753
2000,2,32,2,flat,15,66.0,3.942979401,0,0.10334032
2000,2,32,2,pddl_pomdp,15,1.4375,1.223796034,1,0.118688487
2000,2,32,2,flat,16,66.0,4.155999027,1,0.060386711
2000,2,32,2,pddl_pomdp,16,1.384615385,1.236065574,1,0.08768831
2000,2,32,2,flat,17,66.0,3.576722432,0,0.091951026
2000,2,32,2,pddl_pomdp,17,1.466666667,1.224489796,1,0.117295227
2000,2,32,2,flat,18,66.0,3.652469249,0,0.093748947
2000,2,32,2,pddl_pomdp,18,1.428571429,1.243727599,1,0.108813731
2000,2,32,2,flat,19,66.0,3.532415631,0,0.089699266
2000,2,32,2,pddl_pomdp,19,1.4,1.233830846,1,0.110040614
2000,2,20,2,flat,0,66.0,4.10569301,1,0.059811963
2000,2,20,2,pddl_pomdp,0,1.333333333,1.241666667,1,0.076526926
2000,2,20,2,flat,1,66.0,4.375400758,1,0.058752429
2000,2,20,2,pddl_pomdp,1,1.428571429,1.234501348,1,0.102849124
2000,2,20,2,flat,2,66.0,3.884743766,0,0.099182444
2000,2,20,2,pddl_pomdp,2,1.4,1.213058419,1,0.098801219
2000,2,20,2,flat,3,66.0,3.538831065,0,0.090373201
2000,2,20,2,pddl_pomdp,3,1.4375,1.239782016,1,0.115341908
2000,2,20,2,flat,4,66.0,4.243981137,1,0.059180004
2000,2,20,2,pddl_pomdp,4,1.333333333,1.240909091,1,0.074295679
2000,2,20,2,flat,5,66.0,4.099595228,0,0.101913861
2000,2,20,2,pddl_pomdp,5,1.4375,1.224438903,1,0.114924955
2000,2,20,2,flat,6,66.0,4.410391127,1,0.055475965
2000,2,20,2,pddl_pomdp,6,1.428571429,1.233766234,1,0.10557296
2000,2,20,2,flat,7,66.0,4.030546289,0,0.097468255
2000,2,20,2,pddl_pomdp,7,1.428571429,1.226190476,1,0.085744144
2000,2,20,2,flat,8,66.0,4.325781474,1,0.056709615
2000,2,20,2,pddl_pomdp,8,1.384615385,1.244239631,1,0.085183071
2000,2,20,2,flat,9,66.0,4.114845938,1,0.086512646
2000,2,20,2,pddl_pomdp,9,1.384615385,1.231111111,1,0.085741627
2000,2,20,2,flat,10,66.0,4.421453693,1,0.056325619
2000,2,20,2,pddl_pomdp,10,1.384615385,1.230088496,1,0.084781375
2000,2,20,2,flat,11,66.0,4.382858609,1,0.060977497
2000,2,20,2,pddl_pomdp,11,1.384615385,1.233480176,1,0.085486746
2000,2,20,2,flat,12,66.0,3.838961791,0,0.101101745
2000,2,20,2,pddl_pomdp,12,1.466666667,1.238390093,1,0.107060656
2000,2,20,2,flat,13,66.0,3.636338698,0,0.087863968
2000,2,20,2,pddl_pomdp,13,1.428571429,1.260536398,1,0.09717972
2000,2,20,2,flat,14,66.0,4.207891852,1,0.083263427
2000,2,20,2,pddl_pomdp,14,1.333333333,1.24015748,1,0.076428114
2000,2,20,2,flat,15,66.0,3.942979401,0,0.097729509
2000,2,20,2,pddl_pomdp,15,1.4375,1.223796034,1,0.110623527
2000,2,20,2,flat,16,66.0,4.155999027,1,0.061035039
2000,2,20,2,pddl_pomdp,16,1.384615385,1.236065574,1,0.085862192
2000,2,20,2,flat,17,66.0,3.576722432,0,0.090341166
2000,2,20,2,pddl_pomdp,17,1.466666667,1.224489796,1,0.111225835
2000,2,20,2,flat,18,66.0,3.652469249,0,0.095017832
2000,2,20,2,pddl_pomdp,18,1.428571429,1.243727599,1,0.100266341
2000,2,20,2,flat,19,66.0,3.532415631,0,0.091631282
2000,2,20,2,pddl_pomdp,19,1.4,1.233830846,1,0.110940009
2000,2,20,4,flat,0,136.0,6.44238437,1,0.120102028
2000,2,20,4,pddl_pomdp,0,1.333333333,1.234513274,1,0.074902596
2000,2,20,4,flat,1,136.0,6.251066856,1,0.109136917
2000,2,20,4,pddl_pomdp,1,1.333333333,1.243654822,1,0.079628035
2000,2,20,4,flat,2,136.0,6.845757472,0,0.143302345
2000,2,20,4,pddl_pomdp,2,1.411764706,1.218362283,1,0.118225426
2000,2,20,4,flat,3,136.0,7.250455042,0,0.12423141
2000,2,20,4,pddl_pomdp,3,1.428571429,1.234899329,1,0.101178343
2000,2,20,4,flat,4,136.0,6.554422887,0,0.132201049
2000,2,20,4,pddl_pomdp,4,1.333333333,1.23465704,1,0.075770646
2000,2,20,4,flat,5,136.0,6.433414044,0,0.142838604
2000,2,20,4,pddl_pomdp,5,1.466666667,1.226368159,1,0.103164102
2000,2,20,4,flat,6,136.0,6.238656755,1,0.096568359
2000,2,20,4,pddl_pomdp,6,1.384615385,1.224489796,1,0.078804289
2000,2,20,4,flat,7,136.0,6.56634837,0,0.142041283
2000,2,20,4,pddl_pomdp,7,1.4375,1.225146199,1,0.110120766
2000,2,20,4,flat,8,136.0,6.231291118,1,0.118436978
2000,2,20,4,pddl_pomdp,8,1.333333333,1.255434783,1,0.071607345
2000,2,20,4,flat,9,136.0,6.593517447,0,0.133907053
2000,2,20,4,pddl_pomdp,9,1.333333333,1.227074236,1,0.084925008
2000,2,20,4,flat,10,136.0,6.574067964,0,0.134945428
2000,2,20,4,pddl_pomdp,10,1.384615385,1.225409836,1,0.090140262
2000,2,20,4,flat,11,136.0,6.507102041,0,0.138556009
2000,2,20,4,pddl_pomdp,11,1.384615385,1.228571429,1,0.092526508
2000,2,20,4,flat,12,136.0,6.697361788,0,0.147121102
2000,2,20,4,pddl_pomdp,12,1.4,1.219230769,1,0.091715469
2000,2,20,4,flat,13,136.0,5.887788291,0,0.131695932
2000,2,20,4,pddl_pomdp,13,1.466666667,1.242424242,1,0.099849261
2000,2,20,4,flat,14,136.0,6.291370879,0,0.129229278
2000,2,20,4,pddl_pomdp,14,1.333333333,1.251046025,1,0.0723431
2000,2,20,4,flat,15,136.0,6.434242375,0,0.130912927
2000,2,20,4,pddl_pomdp,15,1.4,1.227074236,1,0.096186885
2000,2,20,4,flat,16,136.0,6.942508711,0,0.126103946
2000,2,20,4,pddl_pomdp,16,1.333333333,1.24,1,0.070993142
2000,2,20,4,flat,17,136.0,7.414216598,0,0.121865831
2000,2,20,4,pddl_pomdp,17,1.428571429,1.227692308,1,0.104814995
2000,2,20,4,flat,18,136.0,7.310458716,0,0.122586041
2000,2,20,4,pddl_pomdp,18,1.4,1.247978437,1,0.111195494
2000,2,20,4,flat,19,136.0,6.646430954,0,0.138793228
2000,2,20,4,pddl_pomdp,19,1.4375,1.226415094,1,0.113776319
2000,2,20,6,flat,0,230.0,4.564975845,1,0.246078385
2000,2,20,6,pddl_pomdp,0,1.333333333,1.229828851,1,0.109291756
2000,2,20,6,flat,1,230.0,4.91122098,1,0.266327516
2000,2,20,6,pddl_pomdp,1,1.384615385,1.247104247,1,0.083963481
2000,2,20,6,flat,2,230.0,6.085161487,0,0.333854518
2000,2,20,6,pddl_pomdp,2,1.428571429,1.246575342,1,0.089548968
2000,2,20,6,flat,3,230.0,7.227108216,0,0.337778966
2000,2,20,6,pddl_pomdp,3,1.4375,1.236914601,1,0.111076395
2000,2,20,6,flat,4,230.0,4.434268491,1,0.234875283
2000,2,20,6,pddl_pomdp,4,1.384615385,1.21799308,1,0.082736946
2000,2,20,6,flat,5,230.0,6.101267756,0,0.330047647
2000,2,20,6,pddl_pomdp,5,1.461538462,1.23880597,1,0.081394228
2000,2,20,6,flat,6,230.0,4.507769543,1,0.245207073
2000,2,20,6,pddl_pomdp,6,1.384615385,1.225255973,1,0.081725181
2000,2,20,6,flat,7,230.0,5.631096701,0,0.345991052
2000,2,20,6,pddl_pomdp,7,1.4,1.21299639,1,0.097141352
2000,2,20,6,flat,8,230.0,4.785089974,1,0.239262208
2000,2,20,6,pddl_pomdp,8,1.357142857,1.22311828,1,0.094572596
2000,2,20,6,flat,9,230.0,4.789365116,1,0.254314336
2000,2,20,6,pddl_pomdp,9,1.333333333,1.260638298,1,0.078221339
2000,2,20,6,flat,10,230.0,4.343480236,1,0.244823131
2000,2,20,6,pddl_pomdp,10,1.357142857,1.238605898,1,0.099500686
2000,2,20,6,flat,11,230.0,4.518494762,1,0.25684982
2000,2,20,6,pddl_pomdp,11,1.428571429,1.23796034,1,0.096417493
2000,2,20,6,flat,12,230.0,6.440090308,0,0.324804699
2000,2,20,6,pddl_pomdp,12,1.461538462,1.226027397,1,0.082496166
2000,2,20,6,flat,13,230.0,7.51939006,0,0.334426197
2000,2,20,6,pddl_pomdp,13,1.428571429,1.261324042,1,0.102662367
2000,2,20,6,flat,14,230.0,4.47272296,1,0.236381746
2000,2,20,6,pddl_pomdp,14,1.307692308,1.234875445,1,0.088620978
2000,2,20,6,flat,15,230.0,6.099877825,0,0.337597879
2000,2,20,6,pddl_pomdp,15,1.466666667,1.242339833,1,0.099071089
2000,2,20,6,flat,16,230.0,4.480750951,1,0.23506188
2000,2,20,6,pddl_pomdp,16,1.357142857,1.241666667,1,0.102336734
2000,2,20,6,flat,17,230.0,7.373084733,0,0.332031766
2000,2,20,6,pddl_pomdp,17,1.411764706,1.223577236,1,0.125697645
2000,2,20,6,flat,18,230.0,8.032381335,0,0.329015587
2000,2,20,6,pddl_pomdp,18,1.4,1.230068337,1,0.11612212
2000,2,20,6,flat,19,230.0,6.675246532,0,0.326914695
2000,2,20,6,pddl_pomdp,19,1.428571429,1.238095238,1,0.104966365
2000,2,20,8,flat,0,348.0,3.485897015,1,0.348831305
2000,2,20,8,pddl_pomdp,0,1.384615385,1.240687679,1,0.083446536
2000,2,20,8,flat,1,348.0,3.618809047,1,0.402470534
2000,2,20,8,pddl_pomdp,1,1.307692308,1.235294118,1,0.092014866
2000,2,20,8,flat,2,348.0,4.801899267,0,0.660893492
2000,2,20,8,pddl_pomdp,2,1.428571429,1.233449477,1,0.093037231
2000,2,20,8,flat,3,348.0,5.014187068,0,0.65168527
2000,2,20,8,pddl_pomdp,3,1.4,1.244623656,1,0.11575892
2000,2,20,8,flat,4,348.0,3.60015456,1,0.379126411
2000,2,20,8,pddl_pomdp,4,1.307692308,1.230769231,1,0.083607912
2000,2,20,8,flat,5,348.0,4.644418605,0,0.666699491
2000,2,20,8,pddl_pomdp,5,1.4375,1.214634146,1,0.117322989
2000,2,20,8,flat,6,348.0,3.576940815,1,0.373123408
2000,2,20,8,pddl_pomdp,6,1.4,1.239247312,1,0.107497046
2000,2,20,8,flat,7,348.0,4.674271674,0,0.647935884
2000,2,20,8,pddl_pomdp,7,1.4,1.217081851,1,0.091081771
2000,2,20,8,flat,8,348.0,3.410582181,1,0.349283932
2000,2,20,8,pddl_pomdp,8,1.428571429,1.236363636,1,0.093290107
2000,2,20,8,flat,9,348.0,3.63086516,1,0.390294769
2000,2,20,8,pddl_pomdp,9,1.333333333,1.234200743,1,0.073347743
2000,2,20,8,flat,10,348.0,3.442376174,1,0.350972423
2000,2,20,8,pddl_pomdp,10,1.333333333,1.241245136,1,0.080952155
2000,2,20,8,flat,11,348.0,3.416345536,1,0.36174401
2000,2,20,8,pddl_pomdp,11,1.333333333,1.221428571,1,0.10784865
2000,2,20,8,flat,12,348.0,4.738227968,0,0.67115912
2000,2,20,8,pddl_pomdp,12,1.428571429,1.24609375,1,0.083397146
2000,2,20,8,flat,13,348.0,5.310995878,0,0.657718086
2000,2,20,8,pddl_pomdp,13,1.4,1.239263804,1,0.124094736
2000,2,20,8,flat,14,348.0,3.433182699,1,0.350201499
2000,2,20,8,pddl_pomdp,14,1.307692308,1.237864078,1,0.081854026
2000,2,20,8,flat,15,348.0,4.731461739,0,0.664636335
2000,2,20,8,pddl_pomdp,15,1.466666667,1.226044226,1,0.106589014
2000,2,20,8,flat,16,348.0,3.485077074,1,0.366754039
2000,2,20,8,pddl_pomdp,16,1.357142857,1.237951807,1,0.097841217
2000,2,20,8,flat,17,348.0,5.4881165,0,0.663029821
2000,2,20,8,pddl_pomdp,17,1.4,1.238461538,1,0.110383219
2000,2,20,8,flat,18,348.0,5.02718691,0,0.645332655
2000,2,20,8,pddl_pomdp,18,1.466666667,1.251552795,1,0.10228859
2000,2,20,8,flat,19,348.0,5.267308453,0,0.65598977
2000,2,20,8,pddl_pomdp,19,1.4375,1.228571429,1,0.115653645
2000,2,20,12,flat,0,656.0,3.183441102,1,0.715002435
2000,2,20,12,pddl_pomdp,0,1.4,1.224089636,1,0.111706897
2000,2,20,12,flat,1,656.0,3.15997949,1,0.733821133
2000,2,20,12,pddl_pomdp,1,1.333333333,1.24,1,0.090410099
2000,2,20,12,flat,2,656.0,3.046359131,0,1.322469312
2000,2,20,12,pddl_pomdp,2,1.428571429,1.242009132,1,0.099223
2000,2,20,12,flat,3,656.0,3.027510421,0,1.324768224
2000,2,20,12,pddl_pomdp,3,1.428571429,1.246835443,1,0.114164674
2000,2,20,12,flat,4,656.0,3.171384457,1,0.792889448
2000,2,20,12,pddl_pomdp,4,1.384615385,1.25566343,1,0.093357858
2000,2,20,12,flat,5,656.0,3.038397202,0,1.30774145
2000,2,20,12,pddl_pomdp,5,1.461538462,1.238738739,1,0.093895234
2000,2,20,12,flat,6,656.0,3.13946101,1,0.974645908
2000,2,20,12,pddl_pomdp,6,1.357142857,1.229281768,1,0.121928369
2000,2,20,12,flat,7,656.0,3.038865227,0,1.293406093
2000,2,20,12,pddl_pomdp,7,1.5,1.244147157,1,0.101731805
2000,2,20,12,flat,8,656.0,3.174936922,1,0.709739165
2000,2,20,12,pddl_pomdp,8,1.384615385,1.233128834,1,0.104723437
2000,2,20,12,flat,9,656.0,3.140131579,1,0.923247422
2000,2,20,12,pddl_pomdp,9,1.384615385,1.238317757,1,0.093048034
2000,2,20,12,flat,10,656.0,3.129315628,1,0.977295659
2000,2,20,12,pddl_pomdp,10,1.333333333,1.259668508,1,0.089128016
2000,2,20,12,flat,11,656.0,3.170936581,1,0.707547899
2000,2,20,12,pddl_pomdp,11,1.4,1.240694789,1,0.127574283
2000,2,20,12,flat,12,656.0,3.042640676,0,1.316652593
2000,2,20,12,pddl_pomdp,12,1.428571429,1.235494881,1,0.106123365
2000,2,20,12,flat,13,656.0,3.026900053,0,1.295968756
2000,2,20,12,pddl_pomdp,13,1.466666667,1.240418118,1,0.114263276
2000,2,20,12,flat,14,656.0,3.174327354,1,0.70084269
2000,2,20,12,pddl_pomdp,14,1.384615385,1.226890756,1,0.094173976
2000,2,20,12,flat,15,656.0,3.040249563,0,1.285238738
2000,2,20,12,pddl_pomdp,15,1.428571429,1.226337449,1,0.114990461
2000,2,20,12,flat,16,656.0,3.142604388,1,0.785964908
2000,2,20,12,pddl_pomdp,16,1.333333333,1.247863248,1,0.078454987
2000,2,20,12,flat,17,656.0,3.024916692,0,1.280732025
2000,2,20,12,pddl_pomdp,17,1.4,1.229110512,1,0.125083
2000,2,20,12,flat,18,656.0,3.023845572,0,1.308753011
2000,2,20,12,pddl_pomdp,18,1.428571429,1.233146067,1,0.108773915
2000,2,20,12,flat,19,656.0,3.028738247,0,1.292655931
2000,2,20,12,pddl_pomdp,19,1.375,1.238410596,1,0.139184651
