trial_name,regime,pomdp_our_completion,pomdp_our_score,pomdp_our_completion_time,open_loop_vlm_nl_completion,open_loop_vlm_nl_score,open_loop_vlm_nl_completion_time,vlm_nl_re_completion,vlm_nl_re_score,vlm_nl_re_completion_time,vlm_pddl_completion,vlm_pddl_score,vlm_pddl_completion_time,vlm_pddl_re_completion,vlm_pddl_re_score,vlm_pddl_re_completion_time,vlm_pomdp_completion,vlm_pomdp_score,vlm_pomdp_completion_time,our_raw_completion,our_raw_score,our_raw_completion_time,our_error_completion,our_error_score,our_error_completion_time,mix_correction_note
dropped_part1,dropped_part,1,13,203,0,7,162,1,13,226,0,7,136,1,13,178,,,,1,13,420,1,13,258,
dropped_part2,dropped_part,1,9,198,0,4,183,1,9,224,0,4,246,1,9,240,,,,0,1,257,1,9,249,
dropped_part3,dropped_part,1,17,219,0,10,195,1,17,239,0,10,229,1,17,216,,,,0,4,343,0,1,227,
dropped_part4,dropped_part,1,17,271,0,10,207,1,17,252,0,10,272,1,17,259,,,,0,10,353,1,17,482,
dropped_part5,dropped_part,1,17,222,0,10,205,1,17,265,0,-,-,1,17,260,,,,0,1,383,1,17,333,
dropped_part6,dropped_part,1,13,174,0,7,155,1,13,195,0,7,235,1,13,177,,,,0,1,375,1,13,221,
dropped_part7,dropped_part,1,9,159,0,4,139,1,9,168,0,4,212,1,9,147,,,,0,4,346,1,9,197,
dropped_part8,dropped_part,1,13,238,0,7,192,1,13,214,0,-,-,1,13,202,,,,0,4,297,0,4,189,
dropped_part9,dropped_part,1,17+17,377,0,-,-,0,-,-,0,-,-,1,17+17,347  473,,,,0,0,900,1,17+17,655  728,
dropped_part10,dropped_part,1,5+17,280,0,0+5,231  312,1,17+5,275  359,0.5,5+10,140  229,0.5,5+10,292  379,,,,0,1,900,1,5+17,370  517,
normal1,normal,1,13,196,1,13,219,1,13,237,1,13,227,1,13,256,,,,1,13,294,1,13,279,
normal2,normal,1,13,214,1,13,177,1,13,204,1,13,162,1,13,225,,,,1,13,304,1,13,228,
normal3,normal,1,13,221,1,13,169,1,13,190,1,13,158,1,13,187,,,,1,13,173,1,13,495,
normal4,normal,1,17,217,0,10,167,0,10,201,0,-,-,0,0,86,,,,1,17,216,1,17,189,
normal5,normal,1,9,151,0,4,124,1,9,187,0,-,-,0,0,119,,,,1,9,137,1,9,154,
normal6,normal,1,13,224,1,13,167,1,13,203,1,13,162,1,13,200,,,,1,13,299,1,13,169,
normal7,normal,1,9,167,1,9,135,1,9,161,1,9,197,1,9,175,,,,1,9,150,1,9,145,
normal8,normal,1,9,150,1,9,147,1,9,162,1,9,144,0,-,-,,,,1,9,141,1,9,147,
normal9,normal,1,17+17,411,0,-,-,0,-,-,0,-,-,0,0+0,88,,,,1,17+17,383  458,1,17+17,244  338,
normal10,normal,1,5+13,257,0,-,-,1,13+5,234  323,0,-,-,0.5,5+0,283  284,,,,1,5+13,240  281,1,5+13,210  250,
priority1,priority,1,9+5,241,1,9+5,172  283,1,9+5,176  287,1,9+5,166  207,1,9+5,303  303,,,,1,9+5,266  306,1,9+5,257  296,
priority2,priority,1,17+17,360,0,7+0,177  -,0,7+7,289  453,0,-,-,0,0+0,88,,,,1,17+17,288  383,1,17+17,238  419,
priority3,priority,1,13+13,319,0.5,13+7,194  326,1,13+7,226  365,0,-,-,1,13+13,248  295,,,,1,13+13,315  353,1,13+13,279  317,
priority4,priority,1,13+9,287,1,13+9,213  328,0.5,7+9,207  333,1,13+9,292  294,1,13+9,251  309,,,,1,13+9,356  385,1,13+9,376  548,
priority5,priority,1,13+5,277,1,13+5,233  305,1,13+5,257  336,1,13+5,263  264,1,13+5,370  371,,,,1,13+5,281  283,1,13+5,232  277,
priority6,priority,1,17+17,355,0,-,-,0,-,-,0,-,-,1,17+17,354  395,,,,1,17+17,347  380,1,17+17,338  376,
priority7,priority,1,13+9,252,1,13+9,176  307,1,13+9,205  347,1,13+9,246  282,0,-,-,,,,1,13+9,227  272,1,13+9,219  252,
priority8,priority,1,17+13,367,0,-,-,0.5,17+0,279,0,-,-,0,-,-,,,,1,17+13,370  410,1,17+13,488  518,
priority9,priority,1,17+17,391,0,-,-,0,-,-,0,-,-,0,-,-,,,,1,17+17,322  416,1,17+17,301  419,
priority10,priority,1,9+17,339,1,9+17,197  361,1,9+17,298  480,1,9+17,191  319,1,9+17,245  376,,,,1,9+17,224  400,1,9+17,202  327,
faulty_part1,faulty_part,1,9,252,0,4,145,1,9,202,0,4,148,1,9,233,,,,0,4,286,0,4,216,
faulty_part2,faulty_part,1,13,233,0,4,156,1,13,245,0,-,-,1,13,302,,,,0,4,349,0,1,147,
faulty_part3,faulty_part,1,17,236,0,10,209,1,17,277,0,7,234,1,17,243,,,,0,4,327,0,4,187,
faulty_part4,faulty_part,1,17,458,0,10,197,0,7,256,0,-,-,0,-,-,,,,0,4,309,0,7,220,
faulty_part5,faulty_part,1,17,336,0,10,180,0,10,218,0,-,-,1,17,288,,,,0,10,343,0,1,194,
faulty_part6,faulty_part,1,17,250,0,-,-,0,1,260,0,-,-,0,-,-,,,,0,4,293,0,10,304,
faulty_part7,faulty_part,1,9,235,0,4,156,1,9,217,0,-,-,1,9,293,,,,0,0,900,0,1,187,
faulty_part8,faulty_part,1,9,342,0,4,144,1,9,211,0,4,212,1,9,305,,,,0,4,272,0,1,212,
faulty_part9,faulty_part,1,5+5,391,0.5,1+5,144  251,0.5,5+0,222,0,-,-,1,5+5,176  324,,,,0,5,900,0.5,5+1,210  283,
faulty_part10,faulty_part,1,9+5,416,0.5,9+1,211  312,1,9+5,182  342,0.5,9+0,208  246,1,9+5,255  357,,,,0,9,900,0.5,9+1,232  314,
mix_challenges1,mix_challenges,1,13,476,0,7,170,1,13,296,0,4,218,1,13,407,,,,0,0,900,0,1,167,严格V_binary重跑更正：仅反馈pass/fail；mix组OUR(RAW)为0/10、10/146。OUR(ERROR)保持原实测值0/10、31/146。
mix_challenges2,mix_challenges,1,13,524,0,4,341,1,13,254,0,-,-,0,7,325,,,,0,1,473,0,1,151,严格V_binary重跑更正：仅反馈pass/fail；mix组OUR(RAW)为0/10、10/146。OUR(ERROR)保持原实测值0/10、31/146。
mix_challenges3,mix_challenges,1,13,246,0,1,159,0,1,163,0,7,236,0,1,304,,,,0,1,487,0,4,395,严格V_binary重跑更正：仅反馈pass/fail；mix组OUR(RAW)为0/10、10/146。OUR(ERROR)保持原实测值0/10、31/146。
mix_challenges4,mix_challenges,1,13,358,0,7,163,1,13,233,0,7,153,1,13,304,,,,0,1,284,0,12,244,严格V_binary重跑更正：仅反馈pass/fail；mix组OUR(RAW)为0/10、10/146。OUR(ERROR)保持原实测值0/10、31/146。
mix_challenges5,mix_challenges,1,13,323,0,1,130,0,4,213,0,-,-,1,13,305,,,,0,4,345,0,0,-,严格V_binary重跑更正：仅反馈pass/fail；mix组OUR(RAW)为0/10、10/146。OUR(ERROR)保持原实测值0/10、31/146。
mix_challenges6,mix_challenges,1,13,300,0,4,153,1,13,314,0,4,252,0,4,273,,,,0,0,900,0,1,147,严格V_binary重跑更正：仅反馈pass/fail；mix组OUR(RAW)为0/10、10/146。OUR(ERROR)保持原实测值0/10、31/146。
mix_challenges7,mix_challenges,1,5+9,365,0.5,1+5,174  254,0.5,9+0,344  407,0.5,5+1,185  226,0.5,5+0,326,,,,0,1,900,0,1,215,严格V_binary重跑更正：仅反馈pass/fail；mix组OUR(RAW)为0/10、10/146。OUR(ERROR)保持原实测值0/10、31/146。
mix_challenges8,mix_challenges,1,5+17,386,0,10+1,259  336,0.5,17+1,302  386,0,-,-,1,5+17,310  364,,,,0,1,900,0,1,288,严格V_binary重跑更正：仅反馈pass/fail；mix组OUR(RAW)为0/10、10/146。OUR(ERROR)保持原实测值0/10、31/146。
mix_challenges9,mix_challenges,1,9+9,434,0.5,9+1,180  308,0.5,9+4,191  379,0,-,-,0,-,-,,,,0,0,900,0,1,418,严格V_binary重跑更正：仅反馈pass/fail；mix组OUR(RAW)为0/10、10/146。OUR(ERROR)保持原实测值0/10、31/146。
mix_challenges10,mix_challenges,1,9+5,353,0,1+4,137  225,0.5,5+0,225   320,0.5,9+1,252  255,0.5,4+5,194  310,,,,0,1,900,0,9,245,严格V_binary重跑更正：仅反馈pass/fail；mix组OUR(RAW)为0/10、10/146。OUR(ERROR)保持原实测值0/10、31/146。
