Task ID,Material,Seed,Actual required temp (C),Full,,,,,,,,No-Reflow,,,,,,,,No-POMCP,,,,,,,
,,,,Broad,,,,Narrow,,,,Broad,,,,Narrow,,,,Broad,,,,Narrow,,,
,,,,RVR,Submit temp (C),Cost,Inspect cost,RVR,Submit temp (C),Cost,Inspect cost,RVR,Submit temp (C),Cost,Inspect cost,RVR,Submit temp (C),Cost,Inspect cost,RVR,Submit temp (C),Cost,Inspect cost,RVR,Submit temp (C),Cost,Inspect cost
碳素钢-180-000,碳素钢,204730000,351.01115566509685,0,416,170.5,30.0,0,371,73.0,0.0,0,376,100.5,20.0,0,376,90.5,10.0,1,351,50.0,0.0,1,351,50.0,0.0
碳素钢-180-001,碳素钢,204730010,325.5024467578694,0,376,113.0,20.0,0,371,85.5,0.0,0,361,80.5,10.0,0,371,85.5,0.0,0,351,55.5,0.0,0,351,55.5,0.0
碳素钢-180-002,碳素钢,204730020,327.5926125119822,0,366,88.0,10.0,0,366,88.0,10.0,0,361,80.5,10.0,0,371,85.5,0.0,0,351,55.5,0.0,0,351,55.5,0.0
碳素钢-180-003,碳素钢,204730030,302.3712866393241,0,351,78.0,10.0,0,371,98.0,0.0,0,371,108.0,10.0,0,361,93.0,10.0,0,351,68.0,0.0,0,351,68.0,0.0
碳素钢-180-004,碳素钢,204730040,318.8734864733653,0,361,85.5,10.0,0,366,93.0,10.0,0,366,103.0,20.0,0,371,100.5,10.0,0,351,60.5,0.0,0,351,60.5,0.0
碳素钢-180-005,碳素钢,204730050,317.4468564469371,0,361,85.5,10.0,0,376,98.0,0.0,0,361,85.5,10.0,0,366,93.0,10.0,0,351,60.5,0.0,0,351,60.5,0.0
碳素钢-180-006,碳素钢,204730060,340.7282993916669,0,386,110.5,10.0,0,356,65.5,10.0,0,371,98.0,20.0,0,361,83.0,20.0,1,351,50.0,0.0,1,351,50.0,0.0
碳素钢-180-007,碳素钢,204730070,297.53566177899984,0,381,105.5,10.0,0,381,105.5,10.0,0,347,108.5,10.0,0,327,88.5,20.0,0,351,70.5,0.0,0,351,70.5,0.0
碳素钢-180-008,碳素钢,204730080,315.5751448811875,0,376,83.0,10.0,0,376,83.0,10.0,0,361,95.5,20.0,0,371,90.5,0.0,0,351,60.5,0.0,0,351,60.5,0.0
碳素钢-180-009,碳素钢,204730090,332.5696065476064,0,386,90.5,10.0,0,386,90.5,10.0,0,381,118.0,20.0,0,371,83.0,0.0,0,351,53.0,0.0,0,351,53.0,0.0
碳素钢-200-034,碳素钢,204730341,339.2160813295016,0,381,80.5,10.0,0,396,93.0,0.0,0,364,162.0,30.0,1,309,80.0,10.0,1,317,50.0,0.0,1,317,50.0,0.0
碳素钢-200-035,碳素钢,204730351,289.1288163506308,0,376,98.0,10.0,0,396,118.0,0.0,0,344,137.0,10.0,0,314,102.0,20.0,0,317,58.5,0.0,0,317,58.5,0.0
碳素钢-200-036,碳素钢,204730361,367.4470813851793,0,426,143.0,20.0,0,396,78.0,0.0,0,417,198.5,30.0,1,337,80.0,10.0,1,317,50.0,0.0,1,317,50.0,0.0
碳素钢-200-037,碳素钢,204730371,316.91808223902257,0,376,83.0,10.0,0,396,103.0,0.0,0,342,101.0,20.0,0,337,83.5,10.0,1,317,50.0,0.0,1,317,50.0,0.0
碳素钢-200-038,碳素钢,204730381,354.7773461619911,0,376,65.5,10.0,0,396,85.5,0.0,0,437,226.0,20.0,1,337,80.0,10.0,1,317,50.0,0.0,1,317,50.0,0.0
碳素钢-200-039,碳素钢,204730391,334.21850728826195,0,381,78.0,10.0,0,401,98.0,0.0,0,429,242.0,10.0,1,314,95.0,20.0,1,317,50.0,0.0,1,317,50.0,0.0
碳素钢-200-040,碳素钢,204730401,272.9987769773177,0,381,108.0,10.0,0,386,115.5,10.0,0,354,159.5,10.0,0,309,82.0,0.0,0,317,66.0,0.0,0,317,66.0,0.0
碳素钢-200-041,碳素钢,204730411,327.914741560593,0,386,88.0,10.0,0,391,95.5,10.0,0,412,201.0,20.0,1,337,70.0,0.0,1,317,50.0,0.0,1,317,50.0,0.0
碳素钢-200-042,碳素钢,204730421,351.4380858376875,0,396,80.5,0.0,0,401,88.0,0.0,0,367,121.0,20.0,1,337,70.0,0.0,1,317,50.0,0.0,1,317,50.0,0.0
碳素钢-200-043,碳素钢,204730431,308.93152933996123,0,381,90.5,10.0,0,401,110.5,0.0,0,344,127.0,10.0,1,309,70.0,0.0,1,317,50.0,0.0,1,317,50.0,0.0
碳素钢-220-067,碳素钢,204730672,335.4325694208835,0,381,75.5,10.0,0,386,83.0,10.0,0,371,140.5,20.0,1,336,95.0,20.0,1,317,50.0,0.0,1,317,50.0,0.0
碳素钢-220-068,碳素钢,204730682,347.6077691833236,0,381,70.5,10.0,0,386,78.0,10.0,0,361,120.5,20.0,1,331,70.0,0.0,1,351,50.0,0.0,1,351,50.0,0.0
碳素钢-220-069,碳素钢,204730692,314.8411288368541,0,381,88.0,10.0,0,401,108.0,0.0,0,382,153.5,10.0,0,337,86.0,10.0,0,351,63.0,0.0,0,351,63.0,0.0
碳素钢-220-070,碳素钢,204730702,314.7476678451558,0,381,88.0,10.0,0,386,95.5,10.0,0,326,75.5,10.0,1,316,65.0,10.0,0,351,63.0,0.0,0,351,63.0,0.0
碳素钢-220-071,碳素钢,204730712,311.16151187258464,0,391,98.0,10.0,0,391,98.0,10.0,0,416,220.5,20.0,0,331,73.0,0.0,0,351,63.0,0.0,0,351,63.0,0.0
碳素钢-220-072,碳素钢,204730722,349.7320253509382,0,396,88.0,10.0,0,396,88.0,10.0,0,406,188.0,20.0,1,336,95.0,20.0,1,351,50.0,0.0,1,351,50.0,0.0
碳素钢-220-073,碳素钢,204730732,360.64633543689615,0,386,65.5,10.0,0,391,73.0,10.0,0,381,153.0,30.0,1,331,70.0,0.0,1,351,50.0,0.0,1,351,50.0,0.0
碳素钢-220-074,碳素钢,204730742,336.9657680887112,0,386,78.0,10.0,0,406,98.0,0.0,0,406,203.0,30.0,1,331,70.0,0.0,0,351,50.5,0.0,0,351,50.5,0.0
碳素钢-220-075,碳素钢,204730752,306.88369685569774,0,386,93.0,10.0,0,406,113.0,0.0,0,406,208.0,20.0,0,331,75.5,0.0,0,351,65.5,0.0,0,351,65.5,0.0
碳素钢-220-076,碳素钢,204730762,365.0828949864605,0,391,80.5,20.0,0,401,85.5,10.0,0,431,215.5,20.0,1,336,85.0,10.0,1,351,50.0,0.0,1,351,50.0,0.0
铜合金-180-000,铜合金,781170000,324.0601618309369,0,371,148.0,20.0,1,331,70.0,0.0,0,346,120.5,30.0,1,331,90.0,20.0,1,311,50.0,0.0,1,311,50.0,0.0
铜合金-180-001,铜合金,781170010,341.8690183801854,0,372,133.5,20.0,1,337,70.0,0.0,0,412,193.5,20.0,1,337,70.0,0.0,1,317,50.0,0.0,1,317,50.0,0.0
铜合金-180-002,铜合金,781170020,296.2765088700846,0,381,200.5,30.0,0,321,90.5,10.0,0,346,138.0,20.0,0,316,83.0,10.0,0,317,53.5,0.0,0,317,53.5,0.0
铜合金-180-003,铜合金,781170030,324.7070315019165,0,371,83.0,10.0,0,386,95.5,0.0,0,417,201.0,10.0,0,342,88.5,10.0,1,317,50.0,0.0,1,317,50.0,0.0
铜合金-180-004,铜合金,781170040,286.3290695206551,0,372,151.0,10.0,0,322,76.0,10.0,0,311,90.5,20.0,0,316,78.0,0.0,0,317,58.5,0.0,0,317,58.5,0.0
铜合金-180-005,铜合金,781170050,296.12899038909126,0,356,153.0,20.0,0,316,93.0,20.0,0,351,135.5,10.0,0,316,73.0,0.0,0,317,53.5,0.0,0,317,53.5,0.0
铜合金-180-006,铜合金,781170060,341.3843518912885,0,366,65.5,10.0,0,386,85.5,0.0,0,391,188.0,40.0,1,331,70.0,0.0,1,317,50.0,0.0,1,317,50.0,0.0
铜合金-180-007,铜合金,781170070,303.0981571524981,0,396,100.5,0.0,0,406,115.5,0.0,0,331,88.0,10.0,0,321,73.0,10.0,0,317,51.0,0.0,0,317,51.0,0.0
铜合金-180-008,铜合金,781170080,345.0391857539664,0,386,73.0,10.0,0,386,73.0,10.0,0,417,208.5,30.0,1,337,70.0,0.0,1,317,50.0,0.0,1,317,50.0,0.0
铜合金-180-009,铜合金,781170090,287.7403478528228,0,396,118.0,10.0,0,391,110.5,10.0,0,317,68.5,10.0,0,337,88.5,0.0,0,317,58.5,0.0,0,317,58.5,0.0
铜合金-200-034,铜合金,781170341,300.8223562471733,0,327,86.0,20.0,0,327,76.0,10.0,0,332,93.5,20.0,0,342,88.5,0.0,0,317,51.0,0.0,0,317,51.0,0.0
铜合金-200-035,铜合金,781170351,316.9193693002698,0,367,138.5,20.0,0,332,76.0,10.0,0,357,123.5,20.0,0,337,73.5,0.0,1,317,50.0,0.0,1,317,50.0,0.0
铜合金-200-036,铜合金,781170361,311.3331664171251,0,352,83.5,10.0,0,347,76.0,10.0,0,422,223.5,20.0,0,327,81.0,20.0,1,317,50.0,0.0,1,317,50.0,0.0
铜合金-200-037,铜合金,781170371,345.1599963295108,0,372,141.0,30.0,1,337,80.0,10.0,0,372,151.0,40.0,1,332,75.0,10.0,1,317,50.0,0.0,1,317,50.0,0.0
铜合金-200-038,铜合金,781170381,330.9205428758221,0,397,96.0,10.0,0,407,101.0,0.0,0,367,131.0,20.0,1,337,70.0,0.0,1,317,50.0,0.0,1,317,50.0,0.0
铜合金-200-039,铜合金,781170391,299.5388133844845,0,391,115.5,20.0,0,401,120.5,10.0,0,382,161.0,10.0,0,337,83.5,0.0,0,317,53.5,0.0,0,317,53.5,0.0
铜合金-200-040,铜合金,781170401,331.41148084210147,0,392,88.5,10.0,0,407,101.0,0.0,0,362,133.5,30.0,1,332,75.0,10.0,1,317,50.0,0.0,1,317,50.0,0.0
铜合金-200-041,铜合金,781170411,303.7737254737274,0,391,98.0,10.0,0,396,105.5,10.0,0,327,76.0,10.0,0,332,83.5,10.0,0,317,51.0,0.0,0,317,51.0,0.0
铜合金-200-042,铜合金,781170421,296.071600994901,0,391,100.5,10.0,0,396,108.0,10.0,0,327,78.5,10.0,0,337,83.5,0.0,0,317,53.5,0.0,0,317,53.5,0.0
铜合金-200-043,铜合金,781170431,368.3313089251157,0,396,88.0,20.0,0,406,83.0,0.0,0,447,233.5,20.0,1,337,70.0,0.0,1,317,50.0,0.0,1,317,50.0,0.0
铜合金-220-067,铜合金,781170672,320.3140486909596,0,386,85.5,10.0,0,386,85.5,10.0,0,367,156.0,40.0,0,337,71.0,0.0,1,317,50.0,0.0,1,317,50.0,0.0
铜合金-220-068,铜合金,781170682,347.42674203840545,0,391,75.5,10.0,0,411,95.5,0.0,0,377,138.5,20.0,1,337,70.0,0.0,1,317,50.0,0.0,1,317,50.0,0.0
铜合金-220-069,铜合金,781170692,299.3920204138237,0,391,100.5,10.0,0,396,108.0,10.0,0,337,103.5,20.0,0,337,83.5,0.0,0,317,53.5,0.0,0,317,53.5,0.0
铜合金-220-070,铜合金,781170702,368.4995583335639,0,396,63.0,0.0,0,396,73.0,10.0,0,412,181.0,20.0,1,337,70.0,0.0,1,317,50.0,0.0,1,317,50.0,0.0
铜合金-220-071,铜合金,781170712,328.09274218286333,0,391,85.5,10.0,0,411,105.5,0.0,0,412,201.0,20.0,1,337,80.0,10.0,1,317,50.0,0.0,1,317,50.0,0.0
铜合金-220-072,铜合金,781170722,316.7486805754903,0,396,98.0,10.0,0,391,90.5,10.0,0,377,143.5,10.0,0,337,73.5,0.0,1,317,50.0,0.0,1,317,50.0,0.0
铜合金-220-073,铜合金,781170732,336.92966158355534,0,391,80.5,10.0,0,406,103.0,10.0,0,427,238.5,40.0,1,337,80.0,10.0,1,317,50.0,0.0,1,317,50.0,0.0
铜合金-220-074,铜合金,781170742,325.0483819273326,0,391,85.5,10.0,0,416,113.0,0.0,0,422,216.0,20.0,1,337,70.0,0.0,1,317,50.0,0.0,1,317,50.0,0.0
铜合金-220-075,铜合金,781170752,380.4900546161263,0,421,123.0,30.0,0,401,73.0,10.0,0,442,218.5,20.0,1,337,70.0,0.0,1,317,50.0,0.0,1,317,50.0,0.0
铜合金-220-076,铜合金,781170762,325.8461136558186,0,396,88.0,10.0,0,416,108.0,0.0,0,357,118.5,20.0,0,342,86.0,10.0,1,317,50.0,0.0,1,317,50.0,0.0
铝合金-180-000,铝合金,972960000,296.0892431558666,0,377,173.5,20.0,0,327,88.5,10.0,0,342,111.0,10.0,0,312,66.0,10.0,1,307,50.0,0.0,1,307,50.0,0.0
铝合金-180-001,铝合金,972960010,291.925397603892,0,341,88.0,10.0,0,336,80.5,10.0,0,332,88.5,10.0,0,337,86.0,0.0,0,348,71.5,0.0,0,348,71.5,0.0
铝合金-180-002,铝合金,972960020,284.4955541861234,0,331,78.0,10.0,0,346,100.5,10.0,0,317,71.0,10.0,0,327,86.0,10.0,0,348,76.5,0.0,0,348,76.5,0.0
铝合金-180-003,铝合金,972960030,312.7793380982346,0,337,96.0,10.0,0,327,81.0,10.0,0,412,218.5,20.0,0,327,71.0,0.0,1,307,50.0,0.0,1,307,50.0,0.0
铝合金-180-004,铝合金,972960040,304.7017499266922,0,332,68.5,10.0,0,357,96.0,0.0,0,362,138.5,10.0,0,327,76.0,0.0,0,348,66.5,0.0,0,348,66.5,0.0
铝合金-180-005,铝合金,972960050,314.9429160949461,0,358,86.5,10.0,0,368,91.5,0.0,0,342,103.5,10.0,0,327,71.0,0.0,0,348,61.5,0.0,0,348,61.5,0.0
铝合金-180-006,铝合金,972960060,324.8843094757337,0,346,80.5,10.0,0,356,85.5,0.0,0,368,96.5,10.0,0,368,86.5,0.0,0,348,56.5,0.0,0,348,56.5,0.0
铝合金-180-007,铝合金,972960070,336.9792433162337,0,373,86.5,10.0,0,368,79.0,10.0,0,373,106.5,20.0,0,353,76.5,20.0,1,348,50.0,0.0,1,348,50.0,0.0
铝合金-180-008,铝合金,972960080,306.6370205279219,0,322,86.0,20.0,0,327,93.5,20.0,0,337,108.5,20.0,0,327,73.5,0.0,0,348,64.0,0.0,0,348,64.0,0.0
铝合金-180-009,铝合金,972960090,292.5627368265343,0,331,73.0,10.0,0,336,80.5,10.0,0,377,156.0,10.0,0,327,81.0,10.0,0,348,71.5,0.0,0,348,71.5,0.0
铝合金-200-034,铝合金,972960341,290.33369324792034,0,345,80.0,10.0,0,345,80.0,10.0,0,327,71.0,10.0,0,327,71.0,10.0,0,348,71.5,0.0,0,348,71.5,0.0
铝合金-200-035,铝合金,972960351,351.43751842374724,0,377,106.0,20.0,0,367,71.0,0.0,0,397,136.0,20.0,0,367,71.0,0.0,1,348,50.0,0.0,1,348,50.0,0.0
铝合金-200-036,铝合金,972960361,312.14914804287633,0,351,73.0,10.0,0,361,88.0,10.0,0,356,95.5,10.0,0,346,80.5,10.0,0,348,61.5,0.0,0,348,61.5,0.0
铝合金-200-037,铝合金,972960371,290.40842211585783,0,356,90.5,10.0,0,371,113.0,10.0,0,352,108.5,10.0,0,342,93.5,10.0,0,348,71.5,0.0,0,348,71.5,0.0
铝合金-200-038,铝合金,972960381,303.5399532840555,0,361,93.0,10.0,0,366,100.5,10.0,0,336,70.5,10.0,0,336,70.5,10.0,0,348,66.5,0.0,0,348,66.5,0.0
铝合金-200-039,铝合金,972960391,319.03951119597644,0,351,70.5,10.0,0,351,70.5,10.0,0,407,188.5,20.0,0,342,81.0,10.0,0,348,59.0,0.0,0,348,59.0,0.0
铝合金-200-040,铝合金,972960401,340.31993002370285,0,361,73.0,10.0,0,356,75.5,20.0,0,365,85.0,10.0,0,360,97.5,30.0,1,348,50.0,0.0,1,348,50.0,0.0
铝合金-200-041,铝合金,972960411,346.92352542892473,0,397,138.5,20.0,0,372,81.0,0.0,0,387,113.5,10.0,0,367,83.5,10.0,1,348,50.0,0.0,1,348,50.0,0.0
铝合金-200-042,铝合金,972960421,290.9643428440105,0,351,83.0,10.0,0,351,83.0,10.0,0,327,71.0,10.0,0,347,91.0,0.0,0,348,71.5,0.0,0,348,71.5,0.0
铝合金-200-043,铝合金,972960431,321.2410744922463,0,356,75.5,10.0,0,371,88.0,0.0,0,345,65.0,10.0,0,355,80.0,10.0,0,348,56.5,0.0,0,348,56.5,0.0
铝合金-220-067,铝合金,972960672,308.77220298258254,0,360,95.0,10.0,0,355,87.5,10.0,0,362,136.0,20.0,0,332,81.0,10.0,0,348,64.0,0.0,0,348,64.0,0.0
铝合金-220-068,铝合金,972960682,322.33073153038254,0,366,90.5,10.0,0,361,83.0,10.0,0,372,143.5,20.0,0,337,71.0,0.0,0,348,56.5,0.0,0,348,56.5,0.0
铝合金-220-069,铝合金,972960692,354.81707334722194,0,371,93.0,20.0,0,371,73.0,0.0,0,412,188.5,20.0,1,337,80.0,10.0,1,348,50.0,0.0,1,348,50.0,0.0
铝合金-220-070,铝合金,972960702,353.14655756788,0,386,70.5,10.0,0,391,78.0,10.0,0,382,133.5,10.0,1,342,85.0,10.0,1,348,50.0,0.0,1,348,50.0,0.0
铝合金-220-071,铝合金,972960712,326.26153250955485,0,396,98.0,10.0,0,406,103.0,0.0,0,367,133.5,20.0,1,337,70.0,0.0,0,348,54.0,0.0,0,348,54.0,0.0
铝合金-220-072,铝合金,972960722,354.91843515410534,0,386,70.5,10.0,0,406,90.5,0.0,0,412,188.5,20.0,1,337,70.0,0.0,1,348,50.0,0.0,1,348,50.0,0.0
铝合金-220-073,铝合金,972960732,298.4177582859176,0,386,98.0,10.0,0,386,98.0,10.0,0,362,161.0,40.0,0,322,71.0,10.0,0,348,69.0,0.0,0,348,69.0,0.0
铝合金-220-074,铝合金,972960742,307.724019500352,0,386,93.0,10.0,0,396,108.0,10.0,0,347,103.5,10.0,0,327,73.5,10.0,0,348,64.0,0.0,0,348,64.0,0.0
铝合金-220-075,铝合金,972960752,386.48705510462025,0,436,138.0,20.0,0,411,90.5,10.0,0,412,171.0,20.0,1,337,70.0,0.0,1,348,50.0,0.0,1,348,50.0,0.0
铝合金-220-076,铝合金,972960762,322.3880935176892,0,386,85.5,10.0,0,386,85.5,10.0,0,412,203.5,20.0,0,342,78.5,0.0,0,348,56.5,0.0,0,348,56.5,0.0
