task_id,material,size_group_target_mm,initial_inner_mm,target_shaft_mm,t_needed_c,world_seed,eps_0p25_proposal_temp_c,eps_0p25_pass,eps_0p25_rvr,eps_0p25_n_heat,eps_0p25_n_inspect,eps_0p25_actions,eps_0p25_final_temp_c,eps_0p25_total_cost,eps_0p50_proposal_temp_c,eps_0p50_pass,eps_0p50_rvr,eps_0p50_n_heat,eps_0p50_n_inspect,eps_0p50_actions,eps_0p50_final_temp_c,eps_0p50_total_cost,eps_0p75_proposal_temp_c,eps_0p75_pass,eps_0p75_rvr,eps_0p75_n_heat,eps_0p75_n_inspect,eps_0p75_actions,eps_0p75_final_temp_c,eps_0p75_total_cost,eps_1p00_proposal_temp_c,eps_1p00_pass,eps_1p00_rvr,eps_1p00_n_heat,eps_1p00_n_inspect,eps_1p00_actions,eps_1p00_final_temp_c,eps_1p00_total_cost
碳素钢-180-000,碳素钢,180.0,179.4,180.0,351.01115566509685,204730000,339,1,0,16,2,INSPECT HEAT_5 HEAT_5 HEAT_5 HEAT_5 HEAT_5 HEAT_5 HEAT_5 HEAT_5 HEAT_5 HEAT_5 HEAT_5 HEAT_5 HEAT_5 HEAT_5 HEAT_5 HEAT_5 INSPECT ASSEMBLE,419,177.0,326,1,0,18,3,INSPECT HEAT_5 HEAT_5 HEAT_5 HEAT_5 INSPECT HEAT_5 HEAT_5 HEAT_5 HEAT_5 HEAT_5 HEAT_5 HEAT_5 HEAT_5 HEAT_5 HEAT_5 HEAT_5 HEAT_5 HEAT_5 HEAT_5 INSPECT ASSEMBLE,416,195.5,314,1,0,11,2,HEAT_5 INSPECT HEAT_5 HEAT_5 HEAT_5 HEAT_5 HEAT_5 HEAT_5 HEAT_5 HEAT_5 HEAT_5 HEAT_5 INSPECT ASSEMBLE,369,127.0,301,1,0,22,3,HEAT_5 INSPECT HEAT_5 HEAT_5 HEAT_5 HEAT_5 HEAT_5 INSPECT HEAT_5 HEAT_5 HEAT_5 HEAT_5 HEAT_5 HEAT_5 HEAT_5 HEAT_5 INSPECT HEAT_5 HEAT_5 HEAT_5 HEAT_5 HEAT_5 HEAT_5 HEAT_5 HEAT_5 ASSEMBLE,411,213.0
碳素钢-180-001,碳素钢,180.0,179.41,180.0,325.5024467578694,204730010,339,1,0,3,3,INSPECT HEAT_5 INSPECT HEAT_5 HEAT_5 INSPECT ASSEMBLE,354,102.0,326,1,0,12,2,HEAT_5 HEAT_5 INSPECT HEAT_5 HEAT_5 HEAT_5 HEAT_5 HEAT_5 HEAT_5 HEAT_5 HEAT_5 HEAT_5 HEAT_5 INSPECT ASSEMBLE,386,153.0,314,1,0,13,1,HEAT_5 HEAT_5 HEAT_5 HEAT_5 HEAT_5 HEAT_5 HEAT_5 HEAT_5 HEAT_5 HEAT_5 HEAT_5 HEAT_5 HEAT_5 INSPECT ASSEMBLE,379,144.5,301,1,0,17,4,HEAT_5 HEAT_5 INSPECT HEAT_5 HEAT_5 INSPECT HEAT_5 HEAT_5 HEAT_5 HEAT_5 HEAT_5 INSPECT HEAT_5 HEAT_5 HEAT_5 HEAT_5 HEAT_5 HEAT_5 HEAT_5 HEAT_5 INSPECT ASSEMBLE,386,198.0
碳素钢-180-002,碳素钢,180.0,179.46,180.0,327.5926125119822,204730020,339,1,0,3,3,INSPECT HEAT_5 INSPECT HEAT_5 HEAT_5 INSPECT ASSEMBLE,354,102.0,323,1,0,11,4,HEAT_5 HEAT_5 INSPECT HEAT_5 HEAT_5 INSPECT HEAT_5 INSPECT HEAT_5 HEAT_5 HEAT_5 INSPECT HEAT_5 HEAT_5 HEAT_5 ASSEMBLE,378,164.0,332,1,0,5,2,INSPECT HEAT_5 HEAT_5 HEAT_5 HEAT_5 HEAT_5 INSPECT ASSEMBLE,357,103.5,298,1,0,20,4,INSPECT HEAT_5 HEAT_5 INSPECT HEAT_5 HEAT_5 HEAT_5 HEAT_5 HEAT_5 INSPECT HEAT_5 HEAT_5 HEAT_5 HEAT_5 HEAT_5 HEAT_5 HEAT_5 HEAT_5 HEAT_5 HEAT_5 HEAT_5 HEAT_5 HEAT_5 INSPECT ASSEMBLE,398,219.0
碳素钢-180-003,碳素钢,180.0,179.48,180.0,302.3712866393241,204730030,342,1,0,1,1,HEAT_5 INSPECT ASSEMBLE,347,81.0,353,1,0,1,1,HEAT_5 INSPECT ASSEMBLE,358,86.5,320,1,0,6,2,INSPECT HEAT_5 HEAT_5 HEAT_5 HEAT_5 HEAT_5 HEAT_5 INSPECT ASSEMBLE,350,117.5,348,1,0,1,1,HEAT_5 INSPECT ASSEMBLE,353,84.0
碳素钢-180-004,碳素钢,180.0,179.44,180.0,318.8734864733653,204730040,342,1,0,0,1,INSPECT ASSEMBLE,342,66.0,333,1,0,3,2,HEAT_5 INSPECT HEAT_5 HEAT_5 INSPECT ASSEMBLE,348,94.0,314,1,0,8,2,INSPECT HEAT_5 HEAT_5 HEAT_5 HEAT_5 HEAT_5 HEAT_5 HEAT_5 HEAT_5 INSPECT ASSEMBLE,354,122.0,303,1,0,12,2,HEAT_5 HEAT_5 INSPECT HEAT_5 HEAT_5 HEAT_5 HEAT_5 HEAT_5 HEAT_5 HEAT_5 HEAT_5 HEAT_5 HEAT_5 INSPECT ASSEMBLE,363,146.5
碳素钢-180-005,碳素钢,180.0,179.46,180.0,317.4468564469371,204730050,342,1,0,0,1,INSPECT ASSEMBLE,342,66.0,323,1,0,10,2,HEAT_5 HEAT_5 HEAT_5 HEAT_5 HEAT_5 INSPECT HEAT_5 HEAT_5 HEAT_5 HEAT_5 HEAT_5 INSPECT ASSEMBLE,373,141.5,320,1,0,11,2,HEAT_5 HEAT_5 INSPECT HEAT_5 HEAT_5 HEAT_5 HEAT_5 HEAT_5 HEAT_5 HEAT_5 HEAT_5 HEAT_5 INSPECT ASSEMBLE,375,147.5,348,1,0,6,1,HEAT_5 HEAT_5 HEAT_5 HEAT_5 HEAT_5 HEAT_5 INSPECT ASSEMBLE,378,114.0
碳素钢-180-006,碳素钢,180.0,179.4,180.0,340.7282993916669,204730060,339,1,0,10,2,HEAT_5 HEAT_5 INSPECT HEAT_5 HEAT_5 HEAT_5 HEAT_5 HEAT_5 HEAT_5 HEAT_5 HEAT_5 INSPECT ASSEMBLE,389,137.0,326,1,0,9,3,HEAT_5 INSPECT HEAT_5 HEAT_5 HEAT_5 INSPECT HEAT_5 HEAT_5 HEAT_5 HEAT_5 HEAT_5 INSPECT ASSEMBLE,371,133.0,314,1,0,17,1,HEAT_5 HEAT_5 HEAT_5 HEAT_5 HEAT_5 HEAT_5 HEAT_5 HEAT_5 HEAT_5 HEAT_5 HEAT_5 HEAT_5 HEAT_5 HEAT_5 HEAT_5 HEAT_5 HEAT_5 INSPECT ASSEMBLE,399,167.0,301,1,0,24,3,HEAT_5 INSPECT HEAT_5 HEAT_5 HEAT_5 HEAT_5 HEAT_5 INSPECT HEAT_5 HEAT_5 INSPECT HEAT_5 HEAT_5 HEAT_5 HEAT_5 HEAT_5 HEAT_5 HEAT_5 HEAT_5 HEAT_5 HEAT_5 HEAT_5 HEAT_5 HEAT_5 HEAT_5 HEAT_5 HEAT_5 ASSEMBLE,421,233.0
碳素钢-180-007,碳素钢,180.0,179.47,180.0,297.53566177899984,204730070,330,1,0,3,1,HEAT_5 HEAT_5 HEAT_5 INSPECT ASSEMBLE,345,92.5,346,1,0,6,1,HEAT_5 HEAT_5 HEAT_5 HEAT_5 HEAT_5 HEAT_5 INSPECT ASSEMBLE,376,123.0,314,1,0,12,2,HEAT_5 HEAT_5 HEAT_5 HEAT_5 HEAT_5 HEAT_5 HEAT_5 HEAT_5 HEAT_5 INSPECT HEAT_5 HEAT_5 HEAT_5 INSPECT ASSEMBLE,374,162.0,331,1,0,2,1,HEAT_5 HEAT_5 INSPECT ASSEMBLE,341,85.5
碳素钢-180-008,碳素钢,180.0,179.45,180.0,315.5751448811875,204730080,330,1,0,11,1,HEAT_5 HEAT_5 HEAT_5 HEAT_5 HEAT_5 HEAT_5 HEAT_5 HEAT_5 HEAT_5 HEAT_5 HEAT_5 INSPECT ASSEMBLE,385,142.5,346,1,0,0,1,INSPECT ASSEMBLE,346,68.0,317,1,0,5,2,HEAT_5 HEAT_5 INSPECT HEAT_5 HEAT_5 HEAT_5 INSPECT ASSEMBLE,342,101.0,303,1,0,12,2,HEAT_5 HEAT_5 INSPECT HEAT_5 HEAT_5 HEAT_5 HEAT_5 HEAT_5 HEAT_5 HEAT_5 HEAT_5 HEAT_5 HEAT_5 INSPECT ASSEMBLE,363,146.5
碳素钢-180-009,碳素钢,180.0,179.43,180.0,332.5696065476064,204730090,330,1,0,11,1,HEAT_5 HEAT_5 HEAT_5 HEAT_5 HEAT_5 HEAT_5 HEAT_5 HEAT_5 HEAT_5 HEAT_5 HEAT_5 INSPECT ASSEMBLE,385,135.0,346,1,0,10,1,HEAT_5 INSPECT HEAT_5 HEAT_5 HEAT_5 HEAT_5 HEAT_5 HEAT_5 HEAT_5 HEAT_5 HEAT_5 ASSEMBLE,396,135.5,314,1,0,16,2,HEAT_5 INSPECT HEAT_5 HEAT_5 HEAT_5 HEAT_5 HEAT_5 HEAT_5 HEAT_5 HEAT_5 HEAT_5 HEAT_5 HEAT_5 HEAT_5 HEAT_5 HEAT_5 HEAT_5 INSPECT ASSEMBLE,394,174.5,313,1,0,16,2,HEAT_5 HEAT_5 HEAT_5 HEAT_5 INSPECT HEAT_5 HEAT_5 HEAT_5 HEAT_5 HEAT_5 HEAT_5 HEAT_5 HEAT_5 HEAT_5 HEAT_5 HEAT_5 HEAT_5 INSPECT ASSEMBLE,393,174.0
碳素钢-200-034,碳素钢,200.0,199.34,200.0,339.2160813295016,204730341,333,1,0,18,2,HEAT_5 HEAT_5 INSPECT HEAT_5 HEAT_5 HEAT_5 HEAT_5 HEAT_5 HEAT_5 HEAT_5 HEAT_5 HEAT_5 HEAT_5 HEAT_5 HEAT_5 HEAT_5 HEAT_5 INSPECT HEAT_5 HEAT_5 ASSEMBLE,423,196.5,323,1,0,20,3,HEAT_5 HEAT_5 INSPECT HEAT_5 HEAT_5 HEAT_5 INSPECT HEAT_5 HEAT_5 HEAT_5 HEAT_5 HEAT_5 HEAT_5 HEAT_5 HEAT_5 HEAT_5 HEAT_5 HEAT_5 HEAT_5 HEAT_5 HEAT_5 HEAT_5 INSPECT ASSEMBLE,423,216.5,308,1,0,15,4,INSPECT HEAT_5 HEAT_5 HEAT_5 HEAT_5 INSPECT HEAT_5 HEAT_5 HEAT_5 HEAT_5 INSPECT HEAT_5 HEAT_5 HEAT_5 HEAT_5 HEAT_5 HEAT_5 HEAT_5 INSPECT ASSEMBLE,383,181.5,340,1,0,11,1,HEAT_5 HEAT_5 HEAT_5 HEAT_5 HEAT_5 HEAT_5 HEAT_5 HEAT_5 HEAT_5 HEAT_5 HEAT_5 INSPECT ASSEMBLE,395,137.5
碳素钢-200-035,碳素钢,200.0,199.44,200.0,289.1288163506308,204730351,277,1,0,10,3,HEAT_5 INSPECT HEAT_5 INSPECT HEAT_5 HEAT_5 HEAT_5 HEAT_5 HEAT_5 HEAT_5 HEAT_5 HEAT_5 INSPECT ASSEMBLE,327,143.5,264,1,0,13,1,HEAT_5 HEAT_5 HEAT_5 HEAT_5 HEAT_5 HEAT_5 HEAT_5 HEAT_5 HEAT_5 HEAT_5 HEAT_5 HEAT_5 HEAT_5 INSPECT ASSEMBLE,329,139.5,346,1,0,1,1,HEAT_5 INSPECT ASSEMBLE,351,90.5,250,1,0,13,1,HEAT_5 HEAT_5 HEAT_5 HEAT_5 HEAT_5 HEAT_5 HEAT_5 HEAT_5 HEAT_5 HEAT_5 HEAT_5 HEAT_5 HEAT_5 INSPECT ASSEMBLE,315,132.5
碳素钢-200-036,碳素钢,200.0,199.31,200.0,367.4470813851793,204730361,315,1,0,19,2,INSPECT HEAT_5 HEAT_5 HEAT_5 HEAT_5 HEAT_5 HEAT_5 HEAT_5 HEAT_5 HEAT_5 HEAT_5 HEAT_5 HEAT_5 HEAT_5 HEAT_5 HEAT_5 HEAT_5 HEAT_5 HEAT_5 HEAT_5 INSPECT ASSEMBLE,410,180.0,304,1,0,16,3,HEAT_5 HEAT_5 HEAT_5 HEAT_5 INSPECT HEAT_5 HEAT_5 HEAT_5 HEAT_5 HEAT_5 HEAT_5 HEAT_5 INSPECT HEAT_5 HEAT_5 HEAT_5 HEAT_5 HEAT_5 INSPECT ASSEMBLE,384,162.0,314,1,0,20,4,INSPECT HEAT_5 HEAT_5 HEAT_5 HEAT_5 HEAT_5 HEAT_5 HEAT_5 HEAT_5 HEAT_5 HEAT_5 HEAT_5 INSPECT HEAT_5 HEAT_5 HEAT_5 HEAT_5 INSPECT HEAT_5 HEAT_5 HEAT_5 HEAT_5 HEAT_5 INSPECT ASSEMBLE,414,207.0,345,1,0,11,2,INSPECT HEAT_5 HEAT_5 HEAT_5 HEAT_5 HEAT_5 HEAT_5 HEAT_5 HEAT_5 HEAT_5 HEAT_5 HEAT_5 INSPECT ASSEMBLE,400,135.0
碳素钢-200-037,碳素钢,200.0,199.37,200.0,316.91808223902257,204730371,315,1,0,3,2,INSPECT HEAT_5 HEAT_5 HEAT_5 INSPECT ASSEMBLE,330,85.0,359,1,0,3,1,HEAT_5 HEAT_5 HEAT_5 INSPECT ASSEMBLE,374,97.0,346,1,0,0,1,INSPECT ASSEMBLE,346,68.0,345,1,0,6,1,HEAT_5 HEAT_5 HEAT_5 HEAT_5 HEAT_5 HEAT_5 INSPECT ASSEMBLE,375,112.5
碳素钢-200-038,碳素钢,200.0,199.29,200.0,354.7773461619911,204730381,315,1,0,23,1,HEAT_5 HEAT_5 HEAT_5 HEAT_5 HEAT_5 HEAT_5 INSPECT HEAT_5 HEAT_5 HEAT_5 HEAT_5 HEAT_5 HEAT_5 HEAT_5 HEAT_5 HEAT_5 HEAT_5 HEAT_5 HEAT_5 HEAT_5 HEAT_5 HEAT_5 HEAT_5 HEAT_5 ASSEMBLE,430,207.5,304,1,0,15,2,HEAT_5 HEAT_5 HEAT_5 INSPECT HEAT_5 HEAT_5 HEAT_5 HEAT_5 HEAT_5 HEAT_5 HEAT_5 HEAT_5 HEAT_5 HEAT_5 HEAT_5 HEAT_5 INSPECT ASSEMBLE,379,152.0,346,1,0,6,1,HEAT_5 HEAT_5 HEAT_5 HEAT_5 HEAT_5 HEAT_5 INSPECT ASSEMBLE,376,95.5,325,1,0,16,2,HEAT_5 HEAT_5 HEAT_5 HEAT_5 INSPECT HEAT_5 HEAT_5 HEAT_5 HEAT_5 HEAT_5 HEAT_5 HEAT_5 HEAT_5 HEAT_5 HEAT_5 HEAT_5 HEAT_5 INSPECT ASSEMBLE,405,170.0
碳素钢-200-039,碳素钢,200.0,199.32,200.0,334.21850728826195,204730391,315,1,0,13,1,HEAT_5 HEAT_5 HEAT_5 HEAT_5 HEAT_5 HEAT_5 HEAT_5 HEAT_5 HEAT_5 HEAT_5 HEAT_5 HEAT_5 HEAT_5 INSPECT ASSEMBLE,380,142.5,349,1,0,2,2,INSPECT HEAT_5 HEAT_5 INSPECT ASSEMBLE,359,87.0,314,1,0,16,2,HEAT_5 INSPECT HEAT_5 HEAT_5 HEAT_5 HEAT_5 HEAT_5 HEAT_5 HEAT_5 HEAT_5 HEAT_5 HEAT_5 HEAT_5 HEAT_5 HEAT_5 HEAT_5 HEAT_5 INSPECT ASSEMBLE,394,174.5,325,1,0,12,1,HEAT_5 HEAT_5 HEAT_5 HEAT_5 HEAT_5 HEAT_5 HEAT_5 HEAT_5 HEAT_5 HEAT_5 HEAT_5 HEAT_5 INSPECT ASSEMBLE,385,140.0
碳素钢-200-040,碳素钢,200.0,199.44,200.0,272.9987769773177,204730401,315,1,0,2,1,HEAT_5 HEAT_5 INSPECT ASSEMBLE,325,90.0,304,1,0,17,1,HEAT_5 HEAT_5 HEAT_5 HEAT_5 HEAT_5 HEAT_5 HEAT_5 HEAT_5 HEAT_5 HEAT_5 HEAT_5 HEAT_5 HEAT_5 HEAT_5 HEAT_5 HEAT_5 HEAT_5 INSPECT ASSEMBLE,389,197.0,314,1,0,6,1,HEAT_5 HEAT_5 HEAT_5 HEAT_5 HEAT_5 HEAT_5 INSPECT ASSEMBLE,344,119.5,265,1,0,14,2,HEAT_5 HEAT_5 HEAT_5 INSPECT HEAT_5 HEAT_5 HEAT_5 HEAT_5 HEAT_5 HEAT_5 HEAT_5 HEAT_5 HEAT_5 HEAT_5 HEAT_5 INSPECT ASSEMBLE,335,165.0
碳素钢-200-041,碳素钢,200.0,199.35,200.0,327.914741560593,204730411,315,1,0,9,3,INSPECT HEAT_5 HEAT_5 HEAT_5 HEAT_5 INSPECT HEAT_5 HEAT_5 HEAT_5 HEAT_5 HEAT_5 INSPECT ASSEMBLE,360,135.0,349,1,0,2,1,HEAT_5 HEAT_5 INSPECT ASSEMBLE,359,79.5,346,1,0,10,2,INSPECT HEAT_5 HEAT_5 HEAT_5 HEAT_5 HEAT_5 HEAT_5 HEAT_5 HEAT_5 HEAT_5 HEAT_5 INSPECT ASSEMBLE,396,148.0,325,1,0,12,2,HEAT_5 HEAT_5 HEAT_5 INSPECT HEAT_5 HEAT_5 HEAT_5 HEAT_5 HEAT_5 HEAT_5 HEAT_5 HEAT_5 HEAT_5 INSPECT ASSEMBLE,385,152.5
碳素钢-200-042,碳素钢,200.0,199.28,200.0,351.4380858376875,204730421,315,1,0,23,1,HEAT_5 HEAT_5 HEAT_5 HEAT_5 HEAT_5 HEAT_5 INSPECT HEAT_5 HEAT_5 HEAT_5 HEAT_5 HEAT_5 HEAT_5 HEAT_5 HEAT_5 HEAT_5 HEAT_5 HEAT_5 HEAT_5 HEAT_5 HEAT_5 HEAT_5 HEAT_5 HEAT_5 ASSEMBLE,430,207.5,334,1,0,11,2,HEAT_5 HEAT_5 HEAT_5 HEAT_5 HEAT_5 HEAT_5 INSPECT HEAT_5 HEAT_5 HEAT_5 HEAT_5 HEAT_5 INSPECT ASSEMBLE,389,137.0,346,1,0,6,1,HEAT_5 HEAT_5 HEAT_5 HEAT_5 HEAT_5 HEAT_5 INSPECT ASSEMBLE,376,95.5,335,1,0,19,2,HEAT_5 HEAT_5 INSPECT HEAT_5 HEAT_5 INSPECT HEAT_5 HEAT_5 HEAT_5 HEAT_5 HEAT_5 HEAT_5 HEAT_5 HEAT_5 HEAT_5 HEAT_5 HEAT_5 HEAT_5 HEAT_5 HEAT_5 HEAT_5 ASSEMBLE,430,197.5
碳素钢-200-043,碳素钢,200.0,199.4,200.0,308.93152933996123,204730431,315,1,0,11,1,HEAT_5 HEAT_5 HEAT_5 HEAT_5 HEAT_5 HEAT_5 HEAT_5 HEAT_5 HEAT_5 HEAT_5 HEAT_5 INSPECT ASSEMBLE,370,140.0,304,1,0,13,3,INSPECT HEAT_5 HEAT_5 INSPECT HEAT_5 HEAT_5 HEAT_5 HEAT_5 HEAT_5 HEAT_5 HEAT_5 HEAT_5 HEAT_5 HEAT_5 HEAT_5 INSPECT ASSEMBLE,369,169.5,314,1,0,12,1,HEAT_5 HEAT_5 HEAT_5 HEAT_5 HEAT_5 HEAT_5 HEAT_5 HEAT_5 HEAT_5 HEAT_5 HEAT_5 HEAT_5 INSPECT ASSEMBLE,374,147.0,325,1,0,4,2,INSPECT HEAT_5 HEAT_5 HEAT_5 HEAT_5 INSPECT ASSEMBLE,345,102.5
碳素钢-220-067,碳素钢,220.0,219.27,220.0,335.4325694208835,204730672,333,1,0,18,2,HEAT_5 HEAT_5 INSPECT HEAT_5 HEAT_5 HEAT_5 HEAT_5 HEAT_5 HEAT_5 HEAT_5 HEAT_5 HEAT_5 HEAT_5 HEAT_5 HEAT_5 HEAT_5 HEAT_5 INSPECT HEAT_5 HEAT_5 ASSEMBLE,423,196.5,350,1,0,5,1,HEAT_5 HEAT_5 HEAT_5 HEAT_5 HEAT_5 INSPECT ASSEMBLE,375,97.5,338,1,0,6,2,HEAT_5 HEAT_5 INSPECT HEAT_5 HEAT_5 HEAT_5 HEAT_5 INSPECT ASSEMBLE,368,109.0,295,1,0,21,2,INSPECT HEAT_5 HEAT_5 HEAT_5 HEAT_5 HEAT_5 HEAT_5 HEAT_5 HEAT_5 HEAT_5 HEAT_5 HEAT_5 HEAT_5 HEAT_5 HEAT_5 HEAT_5 HEAT_5 HEAT_5 HEAT_5 HEAT_5 HEAT_5 HEAT_5 INSPECT ASSEMBLE,400,200.0
碳素钢-220-068,碳素钢,220.0,219.23,220.0,347.60776918332357,204730682,411,1,0,0,1,INSPECT ASSEMBLE,411,85.5,350,1,0,4,3,HEAT_5 INSPECT HEAT_5 HEAT_5 INSPECT HEAT_5 INSPECT ASSEMBLE,370,105.0,338,1,0,11,2,HEAT_5 INSPECT HEAT_5 HEAT_5 HEAT_5 HEAT_5 HEAT_5 HEAT_5 HEAT_5 HEAT_5 HEAT_5 HEAT_5 INSPECT ASSEMBLE,393,141.5,335,1,0,7,3,INSPECT HEAT_5 HEAT_5 INSPECT HEAT_5 HEAT_5 HEAT_5 HEAT_5 HEAT_5 INSPECT ASSEMBLE,370,120.0
碳素钢-220-069,碳素钢,220.0,219.29,220.0,314.8411288368541,204730692,411,1,0,0,0,ASSEMBLE,411,93.0,351,1,0,0,1,INSPECT ASSEMBLE,351,73.0,339,1,0,4,1,HEAT_5 HEAT_5 HEAT_5 HEAT_5 INSPECT ASSEMBLE,359,97.0,335,1,0,2,1,HEAT_5 HEAT_5 INSPECT ASSEMBLE,345,80.0
碳素钢-220-070,碳素钢,220.0,219.32,220.0,314.7476678451558,204730702,411,1,0,0,0,ASSEMBLE,411,93.0,346,1,0,2,2,HEAT_5 INSPECT HEAT_5 INSPECT ASSEMBLE,356,95.5,337,1,0,0,1,INSPECT ASSEMBLE,337,66.0,325,1,0,11,1,HEAT_5 HEAT_5 HEAT_5 HEAT_5 HEAT_5 HEAT_5 HEAT_5 HEAT_5 HEAT_5 HEAT_5 HEAT_5 INSPECT ASSEMBLE,380,142.5
碳素钢-220-071,碳素钢,220.0,219.32,220.0,311.16151187258464,204730712,399,1,0,0,0,ASSEMBLE,399,87.0,331,1,0,2,1,HEAT_5 HEAT_5 INSPECT ASSEMBLE,341,78.0,300,1,0,10,2,HEAT_5 INSPECT HEAT_5 HEAT_5 HEAT_5 HEAT_5 HEAT_5 HEAT_5 HEAT_5 HEAT_5 HEAT_5 INSPECT ASSEMBLE,350,132.5,330,1,0,1,2,INSPECT HEAT_5 INSPECT ASSEMBLE,335,80.0
碳素钢-220-072,碳素钢,220.0,219.22,220.0,349.7320253509382,204730722,399,1,0,0,1,INSPECT ASSEMBLE,399,79.5,331,1,0,11,1,HEAT_5 HEAT_5 HEAT_5 HEAT_5 HEAT_5 HEAT_5 HEAT_5 HEAT_5 HEAT_5 HEAT_5 HEAT_5 INSPECT ASSEMBLE,386,128.0,331,1,0,11,1,HEAT_5 HEAT_5 HEAT_5 HEAT_5 HEAT_5 HEAT_5 HEAT_5 HEAT_5 HEAT_5 HEAT_5 HEAT_5 INSPECT ASSEMBLE,386,128.0,325,1,0,19,2,INSPECT HEAT_5 HEAT_5 HEAT_5 HEAT_5 HEAT_5 HEAT_5 HEAT_5 HEAT_5 HEAT_5 HEAT_5 HEAT_5 HEAT_5 HEAT_5 HEAT_5 HEAT_5 HEAT_5 HEAT_5 HEAT_5 HEAT_5 INSPECT ASSEMBLE,420,195.0
碳素钢-220-073,碳素钢,220.0,219.21,220.0,360.64633543689615,204730732,399,1,0,0,1,INSPECT ASSEMBLE,399,72.0,362,1,0,10,2,INSPECT HEAT_5 HEAT_5 HEAT_5 HEAT_5 HEAT_5 HEAT_5 HEAT_5 HEAT_5 HEAT_5 HEAT_5 INSPECT ASSEMBLE,412,138.5,337,1,0,16,2,HEAT_5 HEAT_5 HEAT_5 HEAT_5 HEAT_5 HEAT_5 INSPECT HEAT_5 HEAT_5 HEAT_5 HEAT_5 HEAT_5 HEAT_5 HEAT_5 HEAT_5 HEAT_5 HEAT_5 INSPECT ASSEMBLE,417,171.0,325,1,0,12,2,INSPECT HEAT_5 HEAT_5 HEAT_5 HEAT_5 HEAT_5 HEAT_5 HEAT_5 HEAT_5 HEAT_5 HEAT_5 HEAT_5 HEAT_5 INSPECT ASSEMBLE,385,135.0
碳素钢-220-074,碳素钢,220.0,219.25,220.0,336.9657680887112,204730742,399,1,0,2,1,HEAT_5 HEAT_5 INSPECT ASSEMBLE,409,99.5,351,1,0,15,1,HEAT_5 INSPECT HEAT_5 HEAT_5 HEAT_5 HEAT_5 HEAT_5 HEAT_5 HEAT_5 HEAT_5 HEAT_5 HEAT_5 HEAT_5 HEAT_5 HEAT_5 HEAT_5 ASSEMBLE,426,173.0,344,1,0,3,1,HEAT_5 HEAT_5 HEAT_5 INSPECT ASSEMBLE,359,79.5,335,1,0,11,1,HEAT_5 HEAT_5 HEAT_5 HEAT_5 HEAT_5 HEAT_5 HEAT_5 HEAT_5 HEAT_5 HEAT_5 HEAT_5 INSPECT ASSEMBLE,390,135.0
碳素钢-220-075,碳素钢,220.0,219.34,220.0,306.88369685569774,204730752,399,1,0,0,0,ASSEMBLE,399,89.5,356,1,0,1,1,HEAT_5 INSPECT ASSEMBLE,361,85.5,339,1,0,3,1,HEAT_5 HEAT_5 HEAT_5 INSPECT ASSEMBLE,354,92.0,335,1,0,3,1,HEAT_5 HEAT_5 HEAT_5 INSPECT ASSEMBLE,350,90.0
碳素钢-220-076,碳素钢,220.0,219.19,220.0,365.0828949864605,204730762,399,1,0,0,0,ASSEMBLE,399,59.5,356,1,0,10,2,HEAT_5 INSPECT HEAT_5 HEAT_5 HEAT_5 HEAT_5 HEAT_5 HEAT_5 HEAT_5 HEAT_5 HEAT_5 INSPECT ASSEMBLE,406,133.0,346,1,0,15,3,INSPECT HEAT_5 HEAT_5 HEAT_5 HEAT_5 HEAT_5 HEAT_5 HEAT_5 HEAT_5 HEAT_5 HEAT_5 HEAT_5 HEAT_5 INSPECT HEAT_5 HEAT_5 HEAT_5 INSPECT ASSEMBLE,421,175.5,340,1,0,16,2,HEAT_5 HEAT_5 INSPECT HEAT_5 HEAT_5 HEAT_5 HEAT_5 HEAT_5 HEAT_5 HEAT_5 HEAT_5 HEAT_5 HEAT_5 HEAT_5 HEAT_5 HEAT_5 HEAT_5 INSPECT ASSEMBLE,420,170.0
铜合金-180-000,铜合金,180.0,179.15,180.0,324.0601618309369,781170000,299,1,0,13,2,HEAT_5 HEAT_5 HEAT_5 INSPECT HEAT_5 HEAT_5 HEAT_5 HEAT_5 HEAT_5 HEAT_5 HEAT_5 HEAT_5 HEAT_5 HEAT_5 INSPECT ASSEMBLE,364,149.5,286,1,0,16,1,HEAT_5 HEAT_5 HEAT_5 HEAT_5 HEAT_5 HEAT_5 HEAT_5 HEAT_5 HEAT_5 HEAT_5 HEAT_5 HEAT_5 HEAT_5 HEAT_5 HEAT_5 HEAT_5 INSPECT ASSEMBLE,366,155.5,274,1,0,20,2,HEAT_5 HEAT_5 HEAT_5 HEAT_5 HEAT_5 HEAT_5 HEAT_5 HEAT_5 HEAT_5 HEAT_5 HEAT_5 INSPECT HEAT_5 HEAT_5 HEAT_5 HEAT_5 HEAT_5 HEAT_5 HEAT_5 HEAT_5 HEAT_5 INSPECT ASSEMBLE,374,189.5,261,1,0,19,2,HEAT_5 HEAT_5 HEAT_5 HEAT_5 HEAT_5 HEAT_5 HEAT_5 HEAT_5 HEAT_5 HEAT_5 HEAT_5 INSPECT HEAT_5 HEAT_5 HEAT_5 HEAT_5 HEAT_5 HEAT_5 HEAT_5 HEAT_5 INSPECT ASSEMBLE,356,175.5
铜合金-180-001,铜合金,180.0,179.11,180.0,341.8690183801854,781170010,305,1,0,12,1,HEAT_5 HEAT_5 HEAT_5 HEAT_5 HEAT_5 HEAT_5 HEAT_5 HEAT_5 HEAT_5 HEAT_5 HEAT_5 HEAT_5 INSPECT ASSEMBLE,365,125.0,292,1,0,17,2,HEAT_5 HEAT_5 HEAT_5 HEAT_5 HEAT_5 HEAT_5 HEAT_5 INSPECT HEAT_5 HEAT_5 HEAT_5 HEAT_5 HEAT_5 HEAT_5 HEAT_5 HEAT_5 HEAT_5 HEAT_5 INSPECT ASSEMBLE,377,166.0,281,1,0,20,2,HEAT_5 HEAT_5 HEAT_5 HEAT_5 HEAT_5 HEAT_5 HEAT_5 HEAT_5 HEAT_5 HEAT_5 HEAT_5 HEAT_5 INSPECT HEAT_5 HEAT_5 HEAT_5 HEAT_5 HEAT_5 HEAT_5 HEAT_5 HEAT_5 INSPECT ASSEMBLE,381,183.0,267,1,0,20,4,HEAT_5 HEAT_5 HEAT_5 INSPECT HEAT_5 HEAT_5 HEAT_5 INSPECT HEAT_5 HEAT_5 HEAT_5 HEAT_5 HEAT_5 HEAT_5 HEAT_5 HEAT_5 HEAT_5 HEAT_5 INSPECT HEAT_5 HEAT_5 HEAT_5 HEAT_5 INSPECT ASSEMBLE,367,196.0
铜合金-180-002,铜合金,180.0,179.24,180.0,296.2765088700846,781170020,284,1,0,9,2,HEAT_5 HEAT_5 INSPECT HEAT_5 HEAT_5 HEAT_5 HEAT_5 HEAT_5 HEAT_5 HEAT_5 INSPECT ASSEMBLE,329,124.5,271,1,0,12,1,HEAT_5 HEAT_5 HEAT_5 HEAT_5 HEAT_5 HEAT_5 HEAT_5 HEAT_5 HEAT_5 HEAT_5 HEAT_5 HEAT_5 INSPECT ASSEMBLE,331,130.5,259,1,0,13,1,HEAT_5 HEAT_5 HEAT_5 HEAT_5 HEAT_5 HEAT_5 HEAT_5 HEAT_5 HEAT_5 HEAT_5 HEAT_5 HEAT_5 HEAT_5 INSPECT ASSEMBLE,324,132.0,250,1,0,20,2,HEAT_5 HEAT_5 HEAT_5 HEAT_5 HEAT_5 HEAT_5 HEAT_5 HEAT_5 HEAT_5 HEAT_5 HEAT_5 INSPECT HEAT_5 HEAT_5 HEAT_5 HEAT_5 HEAT_5 HEAT_5 HEAT_5 HEAT_5 HEAT_5 INSPECT ASSEMBLE,350,190.0
铜合金-180-003,铜合金,180.0,179.13,180.0,324.7070315019165,781170030,352,1,0,0,1,INSPECT ASSEMBLE,352,68.5,341,1,0,10,2,HEAT_5 HEAT_5 HEAT_5 HEAT_5 HEAT_5 HEAT_5 INSPECT HEAT_5 HEAT_5 HEAT_5 HEAT_5 INSPECT ASSEMBLE,391,148.0,338,1,0,5,2,HEAT_5 INSPECT HEAT_5 HEAT_5 HEAT_5 HEAT_5 INSPECT ASSEMBLE,363,109.0,306,1,0,22,3,HEAT_5 HEAT_5 INSPECT HEAT_5 HEAT_5 HEAT_5 INSPECT HEAT_5 HEAT_5 HEAT_5 HEAT_5 HEAT_5 HEAT_5 HEAT_5 HEAT_5 HEAT_5 HEAT_5 HEAT_5 HEAT_5 HEAT_5 HEAT_5 HEAT_5 HEAT_5 HEAT_5 INSPECT ASSEMBLE,416,230.5
铜合金-180-004,铜合金,180.0,179.26,180.0,286.3290695206551,781170040,317,1,0,6,1,HEAT_5 HEAT_5 HEAT_5 HEAT_5 HEAT_5 HEAT_5 INSPECT ASSEMBLE,347,113.5,292,1,0,10,1,HEAT_5 HEAT_5 HEAT_5 HEAT_5 HEAT_5 HEAT_5 HEAT_5 HEAT_5 HEAT_5 HEAT_5 INSPECT ASSEMBLE,342,131.0,280,1,0,7,1,HEAT_5 HEAT_5 HEAT_5 HEAT_5 HEAT_5 HEAT_5 HEAT_5 INSPECT ASSEMBLE,315,102.5,306,1,0,3,1,HEAT_5 HEAT_5 HEAT_5 INSPECT ASSEMBLE,321,85.5
铜合金-180-005,铜合金,180.0,179.24,180.0,296.12899038909126,781170050,284,1,0,9,2,HEAT_5 HEAT_5 INSPECT HEAT_5 HEAT_5 HEAT_5 HEAT_5 HEAT_5 HEAT_5 HEAT_5 INSPECT ASSEMBLE,329,124.5,271,1,0,12,1,HEAT_5 HEAT_5 HEAT_5 HEAT_5 HEAT_5 HEAT_5 HEAT_5 HEAT_5 HEAT_5 HEAT_5 HEAT_5 HEAT_5 INSPECT ASSEMBLE,331,130.5,259,1,0,13,1,HEAT_5 HEAT_5 HEAT_5 HEAT_5 HEAT_5 HEAT_5 HEAT_5 HEAT_5 HEAT_5 HEAT_5 HEAT_5 HEAT_5 HEAT_5 INSPECT ASSEMBLE,324,132.0,250,1,0,20,2,HEAT_5 HEAT_5 HEAT_5 HEAT_5 HEAT_5 HEAT_5 HEAT_5 HEAT_5 HEAT_5 HEAT_5 HEAT_5 INSPECT HEAT_5 HEAT_5 HEAT_5 HEAT_5 HEAT_5 HEAT_5 HEAT_5 HEAT_5 HEAT_5 INSPECT ASSEMBLE,350,190.0
铜合金-180-006,铜合金,180.0,179.12,180.0,341.3843518912885,781170060,340,1,0,11,1,HEAT_5 HEAT_5 HEAT_5 HEAT_5 HEAT_5 HEAT_5 HEAT_5 HEAT_5 HEAT_5 HEAT_5 HEAT_5 INSPECT ASSEMBLE,395,135.0,341,1,0,11,1,HEAT_5 HEAT_5 HEAT_5 HEAT_5 HEAT_5 HEAT_5 HEAT_5 HEAT_5 HEAT_5 HEAT_5 HEAT_5 INSPECT ASSEMBLE,396,135.5,337,1,0,10,2,HEAT_5 INSPECT HEAT_5 HEAT_5 HEAT_5 HEAT_5 HEAT_5 HEAT_5 HEAT_5 HEAT_5 HEAT_5 INSPECT ASSEMBLE,387,136.0,306,1,0,13,2,HEAT_5 HEAT_5 HEAT_5 HEAT_5 HEAT_5 HEAT_5 HEAT_5 INSPECT HEAT_5 HEAT_5 HEAT_5 HEAT_5 HEAT_5 HEAT_5 INSPECT ASSEMBLE,371,143.0
铜合金-180-007,铜合金,180.0,179.22,180.0,303.0981571524981,781170070,317,1,0,3,1,HEAT_5 HEAT_5 HEAT_5 INSPECT ASSEMBLE,332,83.5,306,1,0,5,2,HEAT_5 HEAT_5 INSPECT HEAT_5 HEAT_5 HEAT_5 INSPECT ASSEMBLE,331,103.0,287,1,0,12,1,HEAT_5 HEAT_5 HEAT_5 HEAT_5 HEAT_5 HEAT_5 HEAT_5 HEAT_5 HEAT_5 HEAT_5 HEAT_5 HEAT_5 INSPECT ASSEMBLE,347,136.0,306,1,0,5,2,HEAT_5 HEAT_5 INSPECT HEAT_5 HEAT_5 HEAT_5 INSPECT ASSEMBLE,331,103.0
铜合金-180-008,铜合金,180.0,179.11,180.0,345.0391857539664,781170080,352,1,0,15,3,INSPECT HEAT_5 HEAT_5 HEAT_5 INSPECT HEAT_5 HEAT_5 HEAT_5 HEAT_5 HEAT_5 HEAT_5 HEAT_5 HEAT_5 HEAT_5 HEAT_5 HEAT_5 HEAT_5 INSPECT ASSEMBLE,427,188.5,352,1,0,15,3,INSPECT HEAT_5 HEAT_5 HEAT_5 INSPECT HEAT_5 HEAT_5 HEAT_5 HEAT_5 HEAT_5 HEAT_5 HEAT_5 HEAT_5 HEAT_5 HEAT_5 HEAT_5 HEAT_5 INSPECT ASSEMBLE,427,188.5,344,1,0,9,3,HEAT_5 HEAT_5 INSPECT HEAT_5 HEAT_5 HEAT_5 INSPECT HEAT_5 HEAT_5 HEAT_5 HEAT_5 INSPECT ASSEMBLE,389,139.5,317,1,0,14,2,HEAT_5 HEAT_5 HEAT_5 HEAT_5 HEAT_5 HEAT_5 HEAT_5 HEAT_5 HEAT_5 HEAT_5 HEAT_5 HEAT_5 INSPECT HEAT_5 HEAT_5 INSPECT ASSEMBLE,387,153.5
铜合金-180-009,铜合金,180.0,179.27,180.0,287.74034785282277,781170090,317,1,0,6,1,HEAT_5 HEAT_5 HEAT_5 HEAT_5 HEAT_5 HEAT_5 INSPECT ASSEMBLE,347,113.5,306,1,0,3,1,HEAT_5 HEAT_5 HEAT_5 INSPECT ASSEMBLE,321,85.5,287,1,0,13,3,INSPECT HEAT_5 HEAT_5 HEAT_5 INSPECT HEAT_5 HEAT_5 HEAT_5 HEAT_5 HEAT_5 HEAT_5 HEAT_5 HEAT_5 HEAT_5 HEAT_5 INSPECT ASSEMBLE,352,171.0,271,1,0,10,2,HEAT_5 HEAT_5 HEAT_5 HEAT_5 INSPECT HEAT_5 HEAT_5 HEAT_5 HEAT_5 HEAT_5 HEAT_5 INSPECT ASSEMBLE,321,130.5
铜合金-200-034,铜合金,200.0,199.15,200.0,300.8223562471733,781170341,305,1,0,15,3,HEAT_5 HEAT_5 INSPECT HEAT_5 INSPECT HEAT_5 HEAT_5 HEAT_5 HEAT_5 HEAT_5 HEAT_5 HEAT_5 HEAT_5 HEAT_5 HEAT_5 HEAT_5 HEAT_5 INSPECT ASSEMBLE,380,187.5,292,1,0,17,2,HEAT_5 HEAT_5 HEAT_5 HEAT_5 HEAT_5 INSPECT HEAT_5 HEAT_5 HEAT_5 HEAT_5 HEAT_5 HEAT_5 HEAT_5 HEAT_5 HEAT_5 HEAT_5 HEAT_5 HEAT_5 INSPECT ASSEMBLE,377,186.0,280,1,0,16,2,INSPECT HEAT_5 HEAT_5 HEAT_5 HEAT_5 HEAT_5 HEAT_5 HEAT_5 HEAT_5 HEAT_5 HEAT_5 HEAT_5 HEAT_5 HEAT_5 HEAT_5 HEAT_5 HEAT_5 INSPECT ASSEMBLE,360,172.5,267,1,0,12,2,HEAT_5 HEAT_5 HEAT_5 HEAT_5 HEAT_5 HEAT_5 HEAT_5 HEAT_5 INSPECT HEAT_5 HEAT_5 HEAT_5 HEAT_5 INSPECT ASSEMBLE,327,136.0
铜合金-200-035,铜合金,200.0,199.1,200.0,316.9193693002698,781170351,305,1,0,10,2,HEAT_5 INSPECT HEAT_5 HEAT_5 HEAT_5 HEAT_5 HEAT_5 HEAT_5 HEAT_5 HEAT_5 HEAT_5 INSPECT ASSEMBLE,355,132.5,292,1,0,20,1,HEAT_5 HEAT_5 HEAT_5 HEAT_5 HEAT_5 HEAT_5 HEAT_5 HEAT_5 HEAT_5 HEAT_5 HEAT_5 HEAT_5 HEAT_5 HEAT_5 HEAT_5 HEAT_5 HEAT_5 HEAT_5 HEAT_5 HEAT_5 INSPECT ASSEMBLE,392,191.0,280,1,0,18,1,HEAT_5 HEAT_5 HEAT_5 HEAT_5 HEAT_5 HEAT_5 HEAT_5 HEAT_5 HEAT_5 HEAT_5 HEAT_5 HEAT_5 HEAT_5 HEAT_5 HEAT_5 HEAT_5 HEAT_5 HEAT_5 INSPECT ASSEMBLE,370,170.0,267,1,0,18,3,HEAT_5 HEAT_5 HEAT_5 HEAT_5 HEAT_5 HEAT_5 HEAT_5 HEAT_5 HEAT_5 HEAT_5 HEAT_5 HEAT_5 HEAT_5 HEAT_5 INSPECT HEAT_5 INSPECT HEAT_5 HEAT_5 HEAT_5 INSPECT ASSEMBLE,357,183.5
铜合金-200-036,铜合金,200.0,199.11,200.0,311.3331664171251,781170361,343,1,0,11,0,HEAT_5 HEAT_5 HEAT_5 HEAT_5 HEAT_5 HEAT_5 HEAT_5 HEAT_5 HEAT_5 HEAT_5 HEAT_5 ASSEMBLE,398,141.5,352,1,0,3,1,HEAT_5 HEAT_5 HEAT_5 INSPECT ASSEMBLE,367,96.0,280,1,0,14,2,HEAT_5 HEAT_5 HEAT_5 INSPECT HEAT_5 HEAT_5 HEAT_5 HEAT_5 HEAT_5 HEAT_5 HEAT_5 HEAT_5 HEAT_5 HEAT_5 HEAT_5 INSPECT ASSEMBLE,350,152.5,277,1,0,21,3,HEAT_5 HEAT_5 HEAT_5 INSPECT HEAT_5 HEAT_5 HEAT_5 HEAT_5 HEAT_5 HEAT_5 HEAT_5 HEAT_5 HEAT_5 HEAT_5 HEAT_5 HEAT_5 HEAT_5 HEAT_5 HEAT_5 INSPECT HEAT_5 HEAT_5 HEAT_5 INSPECT ASSEMBLE,382,213.5
铜合金-200-037,铜合金,200.0,199.0,200.0,345.15999632951076,781170371,305,1,0,15,3,INSPECT HEAT_5 HEAT_5 HEAT_5 INSPECT HEAT_5 HEAT_5 HEAT_5 HEAT_5 HEAT_5 HEAT_5 HEAT_5 HEAT_5 HEAT_5 HEAT_5 HEAT_5 HEAT_5 INSPECT ASSEMBLE,380,165.0,302,1,0,15,4,HEAT_5 HEAT_5 HEAT_5 HEAT_5 INSPECT HEAT_5 HEAT_5 HEAT_5 HEAT_5 INSPECT HEAT_5 HEAT_5 HEAT_5 HEAT_5 HEAT_5 INSPECT HEAT_5 HEAT_5 INSPECT ASSEMBLE,377,173.5,280,1,0,31,1,HEAT_5 HEAT_5 HEAT_5 HEAT_5 HEAT_5 HEAT_5 HEAT_5 INSPECT HEAT_5 HEAT_5 HEAT_5 HEAT_5 HEAT_5 HEAT_5 HEAT_5 HEAT_5 HEAT_5 HEAT_5 HEAT_5 HEAT_5 HEAT_5 HEAT_5 HEAT_5 HEAT_5 HEAT_5 HEAT_5 HEAT_5 HEAT_5 HEAT_5 HEAT_5 HEAT_5 HEAT_5 ASSEMBLE,435,252.5,277,1,0,23,3,HEAT_5 HEAT_5 HEAT_5 HEAT_5 HEAT_5 HEAT_5 HEAT_5 HEAT_5 HEAT_5 HEAT_5 HEAT_5 HEAT_5 HEAT_5 INSPECT HEAT_5 INSPECT HEAT_5 HEAT_5 HEAT_5 HEAT_5 HEAT_5 HEAT_5 HEAT_5 HEAT_5 HEAT_5 INSPECT ASSEMBLE,392,211.0
铜合金-200-038,铜合金,200.0,199.08,200.0,330.9205428758221,781170381,343,1,0,16,1,INSPECT HEAT_5 HEAT_5 HEAT_5 HEAT_5 HEAT_5 HEAT_5 HEAT_5 HEAT_5 HEAT_5 HEAT_5 HEAT_5 HEAT_5 HEAT_5 HEAT_5 HEAT_5 HEAT_5 ASSEMBLE,423,179.0,352,1,0,7,3,INSPECT HEAT_5 HEAT_5 HEAT_5 HEAT_5 HEAT_5 HEAT_5 INSPECT HEAT_5 INSPECT ASSEMBLE,387,136.0,338,1,0,3,1,HEAT_5 HEAT_5 HEAT_5 INSPECT ASSEMBLE,353,79.0,277,1,0,18,4,HEAT_5 HEAT_5 HEAT_5 INSPECT HEAT_5 HEAT_5 HEAT_5 HEAT_5 HEAT_5 HEAT_5 HEAT_5 INSPECT HEAT_5 HEAT_5 HEAT_5 HEAT_5 HEAT_5 HEAT_5 HEAT_5 INSPECT HEAT_5 INSPECT ASSEMBLE,367,191.0
铜合金-200-039,铜合金,200.0,199.13,200.0,299.5388133844845,781170391,343,1,0,3,1,HEAT_5 HEAT_5 HEAT_5 INSPECT ASSEMBLE,358,99.0,362,1,0,0,1,INSPECT ASSEMBLE,362,86.0,316,1,0,3,1,HEAT_5 HEAT_5 HEAT_5 INSPECT ASSEMBLE,331,85.5,277,1,0,13,2,HEAT_5 HEAT_5 HEAT_5 HEAT_5 HEAT_5 HEAT_5 HEAT_5 INSPECT HEAT_5 HEAT_5 HEAT_5 HEAT_5 HEAT_5 HEAT_5 INSPECT ASSEMBLE,342,151.0
铜合金-200-040,铜合金,200.0,199.04,200.0,331.41148084210147,781170401,346,1,0,10,1,HEAT_5 INSPECT HEAT_5 HEAT_5 HEAT_5 HEAT_5 HEAT_5 HEAT_5 HEAT_5 HEAT_5 HEAT_5 ASSEMBLE,396,135.5,357,1,0,2,2,INSPECT HEAT_5 HEAT_5 INSPECT ASSEMBLE,367,91.0,316,1,0,10,2,HEAT_5 HEAT_5 HEAT_5 HEAT_5 HEAT_5 INSPECT HEAT_5 HEAT_5 HEAT_5 HEAT_5 HEAT_5 INSPECT ASSEMBLE,366,130.5,277,1,0,18,4,HEAT_5 HEAT_5 HEAT_5 INSPECT HEAT_5 HEAT_5 HEAT_5 HEAT_5 HEAT_5 HEAT_5 HEAT_5 INSPECT HEAT_5 HEAT_5 HEAT_5 HEAT_5 HEAT_5 HEAT_5 HEAT_5 INSPECT HEAT_5 INSPECT ASSEMBLE,367,191.0
铜合金-200-041,铜合金,200.0,199.16,200.0,303.7737254737274,781170411,346,1,0,3,1,HEAT_5 HEAT_5 HEAT_5 INSPECT ASSEMBLE,361,98.0,352,1,0,0,1,INSPECT ASSEMBLE,352,78.5,321,1,0,2,1,HEAT_5 HEAT_5 INSPECT ASSEMBLE,331,78.0,277,1,0,11,1,HEAT_5 HEAT_5 HEAT_5 HEAT_5 HEAT_5 HEAT_5 HEAT_5 HEAT_5 HEAT_5 HEAT_5 HEAT_5 INSPECT ASSEMBLE,332,123.5
铜合金-200-042,铜合金,200.0,199.15,200.0,296.071600994901,781170421,346,1,0,6,1,HEAT_5 HEAT_5 HEAT_5 HEAT_5 HEAT_5 HEAT_5 INSPECT ASSEMBLE,376,123.0,352,1,0,7,1,HEAT_5 HEAT_5 HEAT_5 HEAT_5 HEAT_5 HEAT_5 HEAT_5 INSPECT ASSEMBLE,387,133.5,322,1,0,5,1,HEAT_5 HEAT_5 HEAT_5 HEAT_5 HEAT_5 INSPECT ASSEMBLE,347,103.5,277,1,0,13,2,HEAT_5 HEAT_5 HEAT_5 HEAT_5 HEAT_5 HEAT_5 HEAT_5 INSPECT HEAT_5 HEAT_5 HEAT_5 HEAT_5 HEAT_5 HEAT_5 INSPECT ASSEMBLE,342,151.0
铜合金-200-043,铜合金,200.0,198.91,200.0,368.33130892511565,781170431,369,1,0,10,2,INSPECT HEAT_5 HEAT_5 HEAT_5 HEAT_5 HEAT_5 HEAT_5 HEAT_5 HEAT_5 HEAT_5 HEAT_5 INSPECT ASSEMBLE,419,139.5,352,1,0,16,2,HEAT_5 HEAT_5 HEAT_5 HEAT_5 INSPECT HEAT_5 HEAT_5 HEAT_5 HEAT_5 HEAT_5 HEAT_5 HEAT_5 HEAT_5 HEAT_5 HEAT_5 HEAT_5 HEAT_5 INSPECT ASSEMBLE,432,176.0,294,1,0,24,3,INSPECT HEAT_5 HEAT_5 HEAT_5 HEAT_5 HEAT_5 HEAT_5 HEAT_5 HEAT_5 HEAT_5 HEAT_5 INSPECT HEAT_5 HEAT_5 HEAT_5 HEAT_5 HEAT_5 HEAT_5 HEAT_5 HEAT_5 INSPECT HEAT_5 HEAT_5 HEAT_5 HEAT_5 HEAT_5 HEAT_5 ASSEMBLE,414,217.0,317,1,0,15,2,HEAT_5 HEAT_5 HEAT_5 HEAT_5 HEAT_5 HEAT_5 HEAT_5 HEAT_5 HEAT_5 HEAT_5 HEAT_5 HEAT_5 INSPECT HEAT_5 HEAT_5 HEAT_5 INSPECT ASSEMBLE,392,151.0
铜合金-220-067,铜合金,220.0,218.97,220.0,320.3140486909596,781170672,363,1,0,2,1,HEAT_5 HEAT_5 INSPECT ASSEMBLE,373,89.0,350,1,0,4,1,HEAT_5 HEAT_5 HEAT_5 HEAT_5 INSPECT ASSEMBLE,370,97.5,280,1,0,21,3,INSPECT HEAT_5 HEAT_5 HEAT_5 HEAT_5 HEAT_5 HEAT_5 INSPECT HEAT_5 HEAT_5 HEAT_5 HEAT_5 HEAT_5 HEAT_5 HEAT_5 HEAT_5 HEAT_5 HEAT_5 HEAT_5 HEAT_5 HEAT_5 HEAT_5 HEAT_5 INSPECT ASSEMBLE,385,210.0,277,1,0,16,2,HEAT_5 HEAT_5 HEAT_5 INSPECT HEAT_5 HEAT_5 HEAT_5 HEAT_5 HEAT_5 HEAT_5 HEAT_5 HEAT_5 HEAT_5 HEAT_5 HEAT_5 HEAT_5 HEAT_5 INSPECT ASSEMBLE,357,161.0
铜合金-220-068,铜合金,220.0,218.87,220.0,347.42674203840545,781170682,361,1,0,1,1,HEAT_5 INSPECT ASSEMBLE,366,68.0,346,1,0,5,2,HEAT_5 HEAT_5 HEAT_5 INSPECT HEAT_5 HEAT_5 INSPECT ASSEMBLE,371,100.5,348,1,0,16,2,HEAT_5 HEAT_5 INSPECT HEAT_5 HEAT_5 HEAT_5 HEAT_5 HEAT_5 HEAT_5 HEAT_5 HEAT_5 HEAT_5 HEAT_5 HEAT_5 HEAT_5 HEAT_5 HEAT_5 INSPECT ASSEMBLE,428,184.0,307,1,0,21,1,HEAT_5 HEAT_5 INSPECT HEAT_5 HEAT_5 HEAT_5 HEAT_5 HEAT_5 HEAT_5 HEAT_5 HEAT_5 HEAT_5 HEAT_5 HEAT_5 HEAT_5 HEAT_5 HEAT_5 HEAT_5 HEAT_5 HEAT_5 HEAT_5 HEAT_5 ASSEMBLE,412,191.0
铜合金-220-069,铜合金,220.0,219.05,220.0,299.3920204138237,781170692,359,1,0,1,1,HEAT_5 INSPECT ASSEMBLE,364,92.0,346,1,0,6,1,HEAT_5 HEAT_5 HEAT_5 HEAT_5 HEAT_5 HEAT_5 INSPECT ASSEMBLE,376,123.0,348,1,0,1,1,HEAT_5 INSPECT ASSEMBLE,353,86.5,332,1,0,0,1,INSPECT ASSEMBLE,332,71.0
铜合金-220-070,铜合金,220.0,218.81,220.0,368.49955833356387,781170702,359,1,0,14,2,HEAT_5 HEAT_5 HEAT_5 HEAT_5 INSPECT HEAT_5 HEAT_5 HEAT_5 HEAT_5 HEAT_5 HEAT_5 HEAT_5 HEAT_5 HEAT_5 HEAT_5 INSPECT ASSEMBLE,429,164.5,346,1,0,15,3,INSPECT HEAT_5 HEAT_5 HEAT_5 HEAT_5 HEAT_5 HEAT_5 HEAT_5 HEAT_5 HEAT_5 HEAT_5 HEAT_5 HEAT_5 INSPECT HEAT_5 HEAT_5 HEAT_5 INSPECT ASSEMBLE,421,175.5,391,1,0,0,1,INSPECT ASSEMBLE,391,65.5,362,1,0,5,3,INSPECT HEAT_5 HEAT_5 INSPECT HEAT_5 HEAT_5 HEAT_5 INSPECT ASSEMBLE,387,108.5
铜合金-220-071,铜合金,220.0,218.94,220.0,328.09274218286333,781170712,359,1,0,3,1,HEAT_5 HEAT_5 HEAT_5 INSPECT ASSEMBLE,374,92.0,346,1,0,10,2,INSPECT HEAT_5 HEAT_5 HEAT_5 HEAT_5 HEAT_5 HEAT_5 HEAT_5 HEAT_5 HEAT_5 HEAT_5 INSPECT ASSEMBLE,396,148.0,348,1,0,5,2,INSPECT HEAT_5 HEAT_5 HEAT_5 HEAT_5 HEAT_5 INSPECT ASSEMBLE,373,111.5,337,1,0,4,3,HEAT_5 INSPECT HEAT_5 INSPECT HEAT_5 HEAT_5 INSPECT ASSEMBLE,357,108.5
铜合金-220-072,铜合金,220.0,219.04,220.0,316.7486805754903,781170722,362,1,0,0,1,INSPECT ASSEMBLE,362,76.0,351,1,0,5,1,HEAT_5 HEAT_5 HEAT_5 HEAT_5 HEAT_5 INSPECT ASSEMBLE,376,108.0,344,1,0,1,1,HEAT_5 INSPECT ASSEMBLE,349,74.5,317,1,0,5,2,HEAT_5 HEAT_5 INSPECT HEAT_5 HEAT_5 HEAT_5 INSPECT ASSEMBLE,342,101.0
铜合金-220-073,铜合金,220.0,218.96,220.0,336.92966158355534,781170732,362,1,0,0,1,INSPECT ASSEMBLE,362,66.0,351,1,0,15,1,HEAT_5 INSPECT HEAT_5 HEAT_5 HEAT_5 HEAT_5 HEAT_5 HEAT_5 HEAT_5 HEAT_5 HEAT_5 HEAT_5 HEAT_5 HEAT_5 HEAT_5 HEAT_5 ASSEMBLE,426,173.0,344,1,0,3,1,HEAT_5 HEAT_5 HEAT_5 INSPECT ASSEMBLE,359,79.5,307,1,0,21,2,HEAT_5 HEAT_5 HEAT_5 INSPECT HEAT_5 HEAT_5 HEAT_5 HEAT_5 HEAT_5 HEAT_5 HEAT_5 HEAT_5 HEAT_5 HEAT_5 HEAT_5 HEAT_5 HEAT_5 HEAT_5 HEAT_5 HEAT_5 HEAT_5 HEAT_5 INSPECT ASSEMBLE,412,206.0
铜合金-220-074,铜合金,220.0,218.97,220.0,325.0483819273326,781170742,361,1,0,0,1,INSPECT ASSEMBLE,361,70.5,346,1,0,10,2,INSPECT HEAT_5 HEAT_5 HEAT_5 HEAT_5 HEAT_5 HEAT_5 HEAT_5 HEAT_5 HEAT_5 HEAT_5 INSPECT ASSEMBLE,396,148.0,348,1,0,5,2,INSPECT HEAT_5 HEAT_5 HEAT_5 HEAT_5 HEAT_5 INSPECT ASSEMBLE,373,111.5,307,1,0,19,3,INSPECT HEAT_5 HEAT_5 HEAT_5 HEAT_5 HEAT_5 HEAT_5 INSPECT HEAT_5 HEAT_5 HEAT_5 HEAT_5 HEAT_5 HEAT_5 HEAT_5 HEAT_5 HEAT_5 HEAT_5 HEAT_5 HEAT_5 HEAT_5 INSPECT ASSEMBLE,402,206.0
铜合金-220-075,铜合金,220.0,218.74,220.0,380.49005461612626,781170752,352,1,0,10,2,HEAT_5 INSPECT HEAT_5 HEAT_5 HEAT_5 HEAT_5 HEAT_5 HEAT_5 HEAT_5 HEAT_5 HEAT_5 INSPECT ASSEMBLE,402,123.5,346,1,0,11,3,INSPECT HEAT_5 HEAT_5 HEAT_5 HEAT_5 HEAT_5 HEAT_5 HEAT_5 HEAT_5 HEAT_5 HEAT_5 INSPECT HEAT_5 INSPECT ASSEMBLE,401,138.0,344,1,0,14,3,HEAT_5 INSPECT HEAT_5 HEAT_5 HEAT_5 HEAT_5 HEAT_5 HEAT_5 HEAT_5 HEAT_5 HEAT_5 HEAT_5 HEAT_5 INSPECT HEAT_5 HEAT_5 INSPECT ASSEMBLE,414,159.5,362,1,0,12,2,HEAT_5 HEAT_5 HEAT_5 INSPECT HEAT_5 HEAT_5 HEAT_5 HEAT_5 HEAT_5 HEAT_5 HEAT_5 HEAT_5 HEAT_5 INSPECT ASSEMBLE,422,143.5
铜合金-220-076,铜合金,220.0,218.94,220.0,325.8461136558186,781170762,362,1,0,0,1,INSPECT ASSEMBLE,362,71.0,351,1,0,0,1,INSPECT ASSEMBLE,351,65.5,336,1,0,11,1,HEAT_5 HEAT_5 HEAT_5 HEAT_5 HEAT_5 HEAT_5 HEAT_5 HEAT_5 HEAT_5 HEAT_5 HEAT_5 INSPECT ASSEMBLE,391,140.5,307,1,0,19,3,INSPECT HEAT_5 HEAT_5 HEAT_5 HEAT_5 HEAT_5 HEAT_5 INSPECT HEAT_5 HEAT_5 HEAT_5 HEAT_5 HEAT_5 HEAT_5 HEAT_5 HEAT_5 HEAT_5 HEAT_5 HEAT_5 HEAT_5 HEAT_5 INSPECT ASSEMBLE,402,206.0
铝合金-180-000,铝合金,180.0,178.91,180.0,296.0892431558666,972960000,295,1,0,7,1,HEAT_5 HEAT_5 HEAT_5 HEAT_5 HEAT_5 HEAT_5 HEAT_5 INSPECT ASSEMBLE,330,105.0,282,1,0,12,1,HEAT_5 HEAT_5 HEAT_5 HEAT_5 HEAT_5 HEAT_5 HEAT_5 HEAT_5 HEAT_5 HEAT_5 HEAT_5 HEAT_5 INSPECT ASSEMBLE,342,136.0,270,1,0,21,2,HEAT_5 HEAT_5 HEAT_5 HEAT_5 HEAT_5 HEAT_5 HEAT_5 INSPECT HEAT_5 HEAT_5 HEAT_5 HEAT_5 HEAT_5 HEAT_5 HEAT_5 HEAT_5 HEAT_5 HEAT_5 HEAT_5 HEAT_5 HEAT_5 HEAT_5 INSPECT ASSEMBLE,375,207.5,257,1,0,24,1,HEAT_5 HEAT_5 HEAT_5 HEAT_5 HEAT_5 HEAT_5 HEAT_5 HEAT_5 HEAT_5 HEAT_5 HEAT_5 HEAT_5 HEAT_5 HEAT_5 HEAT_5 HEAT_5 HEAT_5 HEAT_5 HEAT_5 HEAT_5 HEAT_5 HEAT_5 HEAT_5 HEAT_5 INSPECT ASSEMBLE,377,213.5
铝合金-180-001,铝合金,180.0,178.96,180.0,291.925397603892,972960010,317,1,0,5,1,HEAT_5 HEAT_5 HEAT_5 HEAT_5 HEAT_5 INSPECT ASSEMBLE,342,103.5,317,1,0,5,1,HEAT_5 HEAT_5 HEAT_5 HEAT_5 HEAT_5 INSPECT ASSEMBLE,342,103.5,338,1,0,3,1,HEAT_5 HEAT_5 HEAT_5 INSPECT ASSEMBLE,353,99.0,295,1,0,7,1,HEAT_5 HEAT_5 HEAT_5 HEAT_5 HEAT_5 HEAT_5 HEAT_5 INSPECT ASSEMBLE,330,107.5
铝合金-180-002,铝合金,180.0,178.99,180.0,284.4955541861234,972960020,317,1,0,13,2,HEAT_5 HEAT_5 HEAT_5 HEAT_5 HEAT_5 HEAT_5 HEAT_5 HEAT_5 HEAT_5 HEAT_5 HEAT_5 HEAT_5 INSPECT HEAT_5 INSPECT ASSEMBLE,382,178.5,317,1,0,13,2,HEAT_5 HEAT_5 HEAT_5 HEAT_5 HEAT_5 HEAT_5 HEAT_5 HEAT_5 HEAT_5 HEAT_5 HEAT_5 HEAT_5 INSPECT HEAT_5 INSPECT ASSEMBLE,382,178.5,338,1,0,10,2,HEAT_5 HEAT_5 HEAT_5 HEAT_5 HEAT_5 HEAT_5 INSPECT HEAT_5 HEAT_5 HEAT_5 HEAT_5 INSPECT ASSEMBLE,388,166.5,295,1,0,3,1,HEAT_5 HEAT_5 HEAT_5 INSPECT ASSEMBLE,310,82.5
铝合金-180-003,铝合金,180.0,178.89,180.0,312.7793380982346,972960030,295,1,0,11,1,HEAT_5 HEAT_5 HEAT_5 HEAT_5 HEAT_5 HEAT_5 HEAT_5 HEAT_5 HEAT_5 HEAT_5 HEAT_5 INSPECT ASSEMBLE,350,127.5,282,1,0,15,1,HEAT_5 HEAT_5 HEAT_5 HEAT_5 HEAT_5 HEAT_5 HEAT_5 HEAT_5 HEAT_5 HEAT_5 HEAT_5 HEAT_5 HEAT_5 HEAT_5 HEAT_5 INSPECT ASSEMBLE,357,151.0,270,1,0,16,3,INSPECT HEAT_5 HEAT_5 HEAT_5 HEAT_5 HEAT_5 HEAT_5 HEAT_5 HEAT_5 HEAT_5 HEAT_5 INSPECT HEAT_5 HEAT_5 HEAT_5 HEAT_5 HEAT_5 HEAT_5 INSPECT ASSEMBLE,350,172.5,257,1,0,17,2,HEAT_5 HEAT_5 HEAT_5 HEAT_5 HEAT_5 INSPECT HEAT_5 HEAT_5 HEAT_5 HEAT_5 HEAT_5 HEAT_5 HEAT_5 HEAT_5 HEAT_5 HEAT_5 HEAT_5 HEAT_5 INSPECT ASSEMBLE,342,163.5
铝合金-180-004,铝合金,180.0,178.9,180.0,304.7017499266922,972960040,318,1,0,10,2,INSPECT HEAT_5 HEAT_5 HEAT_5 HEAT_5 HEAT_5 HEAT_5 HEAT_5 HEAT_5 HEAT_5 HEAT_5 INSPECT ASSEMBLE,368,146.5,317,1,0,3,1,HEAT_5 HEAT_5 HEAT_5 INSPECT ASSEMBLE,332,83.5,316,1,0,11,1,HEAT_5 HEAT_5 HEAT_5 HEAT_5 HEAT_5 HEAT_5 HEAT_5 HEAT_5 HEAT_5 HEAT_5 HEAT_5 INSPECT ASSEMBLE,371,143.0,274,1,0,11,2,HEAT_5 HEAT_5 HEAT_5 INSPECT HEAT_5 HEAT_5 HEAT_5 HEAT_5 HEAT_5 HEAT_5 HEAT_5 HEAT_5 INSPECT ASSEMBLE,329,132.0
铝合金-180-005,铝合金,180.0,178.88,180.0,314.9429160949461,972960050,336,1,0,3,1,HEAT_5 HEAT_5 HEAT_5 INSPECT ASSEMBLE,351,88.0,317,1,0,14,4,HEAT_5 INSPECT HEAT_5 HEAT_5 HEAT_5 HEAT_5 HEAT_5 HEAT_5 HEAT_5 HEAT_5 HEAT_5 HEAT_5 HEAT_5 INSPECT HEAT_5 INSPECT HEAT_5 INSPECT ASSEMBLE,387,191.0,334,1,0,6,1,HEAT_5 HEAT_5 HEAT_5 HEAT_5 HEAT_5 HEAT_5 INSPECT ASSEMBLE,364,109.5,298,1,0,15,1,HEAT_5 HEAT_5 HEAT_5 HEAT_5 HEAT_5 HEAT_5 HEAT_5 HEAT_5 HEAT_5 HEAT_5 HEAT_5 HEAT_5 HEAT_5 HEAT_5 HEAT_5 INSPECT ASSEMBLE,373,159.0
铝合金-180-006,铝合金,180.0,178.82,180.0,324.8843094757337,972960060,339,1,0,3,2,HEAT_5 INSPECT HEAT_5 HEAT_5 INSPECT ASSEMBLE,354,94.5,317,1,0,10,2,INSPECT HEAT_5 HEAT_5 HEAT_5 HEAT_5 HEAT_5 HEAT_5 HEAT_5 HEAT_5 HEAT_5 HEAT_5 INSPECT ASSEMBLE,367,136.0,327,1,0,16,2,HEAT_5 INSPECT HEAT_5 HEAT_5 HEAT_5 HEAT_5 HEAT_5 HEAT_5 HEAT_5 HEAT_5 HEAT_5 HEAT_5 HEAT_5 HEAT_5 HEAT_5 HEAT_5 HEAT_5 INSPECT ASSEMBLE,407,186.0,279,1,0,20,3,HEAT_5 INSPECT HEAT_5 HEAT_5 HEAT_5 HEAT_5 HEAT_5 INSPECT HEAT_5 HEAT_5 HEAT_5 HEAT_5 HEAT_5 HEAT_5 HEAT_5 HEAT_5 HEAT_5 HEAT_5 HEAT_5 HEAT_5 HEAT_5 HEAT_5 INSPECT ASSEMBLE,379,202.0
铝合金-180-007,铝合金,180.0,178.78,180.0,336.9792433162337,972960070,343,1,0,4,2,HEAT_5 HEAT_5 HEAT_5 INSPECT HEAT_5 INSPECT ASSEMBLE,363,96.5,342,1,0,7,2,INSPECT HEAT_5 HEAT_5 HEAT_5 HEAT_5 HEAT_5 HEAT_5 HEAT_5 INSPECT ASSEMBLE,377,118.5,370,1,0,1,1,HEAT_5 INSPECT ASSEMBLE,375,77.5,331,1,0,4,2,HEAT_5 HEAT_5 HEAT_5 INSPECT HEAT_5 INSPECT ASSEMBLE,351,90.5
铝合金-180-008,铝合金,180.0,178.89,180.0,306.6370205279219,972960080,335,1,0,3,1,HEAT_5 HEAT_5 HEAT_5 INSPECT ASSEMBLE,350,90.0,322,1,0,4,2,HEAT_5 INSPECT HEAT_5 HEAT_5 HEAT_5 INSPECT ASSEMBLE,342,101.0,310,1,0,10,2,HEAT_5 HEAT_5 INSPECT HEAT_5 HEAT_5 HEAT_5 HEAT_5 HEAT_5 HEAT_5 HEAT_5 HEAT_5 INSPECT ASSEMBLE,360,140.0,257,1,0,19,3,HEAT_5 HEAT_5 HEAT_5 HEAT_5 HEAT_5 INSPECT HEAT_5 INSPECT HEAT_5 HEAT_5 HEAT_5 HEAT_5 HEAT_5 HEAT_5 HEAT_5 HEAT_5 HEAT_5 HEAT_5 HEAT_5 HEAT_5 HEAT_5 INSPECT ASSEMBLE,352,191.0
铝合金-180-009,铝合金,180.0,178.95,180.0,292.5627368265343,972960090,339,1,0,2,1,HEAT_5 HEAT_5 INSPECT ASSEMBLE,349,92.0,317,1,0,5,1,HEAT_5 HEAT_5 HEAT_5 HEAT_5 HEAT_5 INSPECT ASSEMBLE,342,103.5,327,1,0,2,1,HEAT_5 HEAT_5 INSPECT ASSEMBLE,337,86.0,279,1,0,11,1,HEAT_5 HEAT_5 HEAT_5 HEAT_5 HEAT_5 HEAT_5 HEAT_5 HEAT_5 HEAT_5 HEAT_5 HEAT_5 INSPECT ASSEMBLE,334,129.5
铝合金-200-034,铝合金,200.0,198.85,200.0,290.33369324792034,972960341,339,1,0,2,1,HEAT_5 HEAT_5 INSPECT ASSEMBLE,349,92.0,320,1,0,1,1,HEAT_5 INSPECT ASSEMBLE,325,75.0,308,1,0,4,1,HEAT_5 HEAT_5 HEAT_5 HEAT_5 INSPECT ASSEMBLE,328,91.5,286,1,0,11,1,HEAT_5 HEAT_5 HEAT_5 HEAT_5 HEAT_5 HEAT_5 HEAT_5 HEAT_5 HEAT_5 HEAT_5 HEAT_5 INSPECT ASSEMBLE,341,133.0
铝合金-200-035,铝合金,200.0,198.57,200.0,351.43751842374724,972960351,335,1,0,19,2,HEAT_5 HEAT_5 INSPECT HEAT_5 HEAT_5 INSPECT HEAT_5 HEAT_5 HEAT_5 HEAT_5 HEAT_5 HEAT_5 HEAT_5 HEAT_5 HEAT_5 HEAT_5 HEAT_5 HEAT_5 HEAT_5 HEAT_5 HEAT_5 ASSEMBLE,430,197.5,322,1,0,16,2,HEAT_5 HEAT_5 HEAT_5 HEAT_5 INSPECT HEAT_5 HEAT_5 HEAT_5 HEAT_5 HEAT_5 HEAT_5 HEAT_5 HEAT_5 HEAT_5 HEAT_5 HEAT_5 HEAT_5 INSPECT ASSEMBLE,402,168.5,310,1,0,19,3,INSPECT HEAT_5 HEAT_5 HEAT_5 HEAT_5 HEAT_5 INSPECT HEAT_5 HEAT_5 HEAT_5 HEAT_5 HEAT_5 HEAT_5 HEAT_5 HEAT_5 HEAT_5 HEAT_5 HEAT_5 HEAT_5 HEAT_5 HEAT_5 INSPECT ASSEMBLE,405,195.0,297,1,0,21,3,HEAT_5 HEAT_5 HEAT_5 INSPECT HEAT_5 HEAT_5 HEAT_5 HEAT_5 HEAT_5 HEAT_5 HEAT_5 HEAT_5 HEAT_5 HEAT_5 INSPECT HEAT_5 HEAT_5 HEAT_5 HEAT_5 HEAT_5 HEAT_5 HEAT_5 HEAT_5 INSPECT ASSEMBLE,402,203.5
铝合金-200-036,铝合金,200.0,198.74,200.0,312.14914804287633,972960361,337,1,0,0,1,INSPECT ASSEMBLE,337,66.0,300,1,0,10,2,HEAT_5 INSPECT HEAT_5 HEAT_5 HEAT_5 HEAT_5 HEAT_5 HEAT_5 HEAT_5 HEAT_5 HEAT_5 INSPECT ASSEMBLE,350,132.5,338,1,0,11,1,HEAT_5 HEAT_5 HEAT_5 HEAT_5 HEAT_5 HEAT_5 HEAT_5 HEAT_5 HEAT_5 HEAT_5 HEAT_5 INSPECT ASSEMBLE,393,149.0,291,1,0,16,2,HEAT_5 INSPECT HEAT_5 HEAT_5 HEAT_5 HEAT_5 HEAT_5 HEAT_5 HEAT_5 HEAT_5 HEAT_5 HEAT_5 HEAT_5 HEAT_5 HEAT_5 HEAT_5 HEAT_5 INSPECT ASSEMBLE,371,173.0
铝合金-200-037,铝合金,200.0,198.85,200.0,290.40842211585783,972960371,337,1,0,0,1,INSPECT ASSEMBLE,337,76.0,300,1,0,3,1,HEAT_5 HEAT_5 HEAT_5 INSPECT ASSEMBLE,315,80.0,291,1,0,4,1,HEAT_5 HEAT_5 HEAT_5 HEAT_5 INSPECT ASSEMBLE,311,83.0,291,1,0,4,1,HEAT_5 HEAT_5 HEAT_5 HEAT_5 INSPECT ASSEMBLE,311,83.0
铝合金-200-038,铝合金,200.0,198.78,200.0,303.5399532840555,972960381,335,1,0,3,1,HEAT_5 HEAT_5 HEAT_5 INSPECT ASSEMBLE,350,92.5,300,1,0,6,1,HEAT_5 HEAT_5 HEAT_5 HEAT_5 HEAT_5 HEAT_5 INSPECT ASSEMBLE,330,97.5,338,1,0,5,1,HEAT_5 HEAT_5 HEAT_5 HEAT_5 HEAT_5 INSPECT ASSEMBLE,363,109.0,295,1,0,9,3,HEAT_5 HEAT_5 HEAT_5 HEAT_5 HEAT_5 INSPECT HEAT_5 HEAT_5 INSPECT HEAT_5 HEAT_5 INSPECT ASSEMBLE,340,137.5
铝合金-200-039,铝合金,200.0,198.72,200.0,319.03951119597644,972960391,337,1,0,5,1,HEAT_5 HEAT_5 HEAT_5 HEAT_5 HEAT_5 INSPECT ASSEMBLE,362,101.0,320,1,0,11,2,HEAT_5 HEAT_5 INSPECT HEAT_5 HEAT_5 HEAT_5 HEAT_5 HEAT_5 HEAT_5 HEAT_5 HEAT_5 HEAT_5 INSPECT ASSEMBLE,375,147.5,326,1,0,5,1,HEAT_5 HEAT_5 HEAT_5 HEAT_5 HEAT_5 INSPECT ASSEMBLE,351,95.5,295,1,0,15,3,INSPECT HEAT_5 HEAT_5 HEAT_5 INSPECT HEAT_5 HEAT_5 HEAT_5 HEAT_5 HEAT_5 HEAT_5 HEAT_5 HEAT_5 HEAT_5 HEAT_5 HEAT_5 HEAT_5 INSPECT ASSEMBLE,370,175.0
铝合金-200-040,铝合金,200.0,198.6,200.0,340.31993002370285,972960401,339,1,0,10,2,HEAT_5 HEAT_5 INSPECT HEAT_5 HEAT_5 HEAT_5 HEAT_5 HEAT_5 HEAT_5 HEAT_5 HEAT_5 INSPECT ASSEMBLE,389,137.0,350,1,0,12,2,INSPECT HEAT_5 HEAT_5 HEAT_5 HEAT_5 HEAT_5 HEAT_5 HEAT_5 HEAT_5 HEAT_5 HEAT_5 HEAT_5 HEAT_5 INSPECT ASSEMBLE,410,157.5,326,1,0,9,3,HEAT_5 INSPECT HEAT_5 HEAT_5 HEAT_5 INSPECT HEAT_5 HEAT_5 HEAT_5 HEAT_5 HEAT_5 INSPECT ASSEMBLE,371,133.0,298,1,0,16,2,HEAT_5 HEAT_5 HEAT_5 HEAT_5 HEAT_5 HEAT_5 HEAT_5 INSPECT HEAT_5 HEAT_5 HEAT_5 HEAT_5 HEAT_5 HEAT_5 HEAT_5 HEAT_5 HEAT_5 INSPECT ASSEMBLE,378,161.5
铝合金-200-041,铝合金,200.0,198.57,200.0,346.92352542892473,972960411,335,1,0,7,3,INSPECT HEAT_5 HEAT_5 INSPECT HEAT_5 HEAT_5 HEAT_5 HEAT_5 HEAT_5 INSPECT ASSEMBLE,370,120.0,322,1,0,13,3,HEAT_5 INSPECT HEAT_5 HEAT_5 HEAT_5 HEAT_5 HEAT_5 HEAT_5 HEAT_5 HEAT_5 INSPECT HEAT_5 HEAT_5 HEAT_5 HEAT_5 INSPECT ASSEMBLE,387,158.5,310,1,0,12,1,HEAT_5 HEAT_5 HEAT_5 HEAT_5 HEAT_5 HEAT_5 HEAT_5 HEAT_5 HEAT_5 HEAT_5 HEAT_5 HEAT_5 INSPECT ASSEMBLE,370,125.0,297,1,0,15,2,HEAT_5 HEAT_5 HEAT_5 HEAT_5 HEAT_5 HEAT_5 HEAT_5 INSPECT HEAT_5 HEAT_5 HEAT_5 HEAT_5 HEAT_5 HEAT_5 HEAT_5 HEAT_5 INSPECT ASSEMBLE,372,151.0
铝合金-200-042,铝合金,200.0,198.84,200.0,290.9643428440105,972960421,337,1,0,0,1,INSPECT ASSEMBLE,337,76.0,300,1,0,3,1,HEAT_5 HEAT_5 HEAT_5 INSPECT ASSEMBLE,315,80.0,291,1,0,4,1,HEAT_5 HEAT_5 HEAT_5 HEAT_5 INSPECT ASSEMBLE,311,83.0,295,1,0,7,1,HEAT_5 HEAT_5 HEAT_5 HEAT_5 HEAT_5 HEAT_5 HEAT_5 INSPECT ASSEMBLE,330,107.5
铝合金-200-043,铝合金,200.0,198.69,200.0,321.2410744922463,972960431,339,1,0,3,2,HEAT_5 INSPECT HEAT_5 HEAT_5 INSPECT ASSEMBLE,354,94.5,320,1,0,12,2,HEAT_5 INSPECT HEAT_5 HEAT_5 HEAT_5 HEAT_5 HEAT_5 HEAT_5 HEAT_5 HEAT_5 HEAT_5 HEAT_5 HEAT_5 INSPECT ASSEMBLE,380,152.5,324,1,0,12,2,HEAT_5 INSPECT HEAT_5 HEAT_5 HEAT_5 HEAT_5 HEAT_5 HEAT_5 HEAT_5 HEAT_5 HEAT_5 HEAT_5 HEAT_5 INSPECT ASSEMBLE,384,154.5,325,1,0,2,1,HEAT_5 HEAT_5 INSPECT ASSEMBLE,335,70.0
铝合金-220-067,铝合金,220.0,218.65,220.0,308.77220298258254,972960672,333,1,0,2,1,HEAT_5 HEAT_5 INSPECT ASSEMBLE,343,81.5,320,1,0,2,1,HEAT_5 HEAT_5 INSPECT ASSEMBLE,330,75.0,338,1,0,4,1,HEAT_5 HEAT_5 HEAT_5 HEAT_5 INSPECT ASSEMBLE,358,99.0,295,1,0,7,2,HEAT_5 HEAT_5 HEAT_5 HEAT_5 HEAT_5 INSPECT HEAT_5 HEAT_5 INSPECT ASSEMBLE,330,110.0
铝合金-220-068,铝合金,220.0,218.57,220.0,322.33073153038254,972960682,331,1,0,5,1,HEAT_5 HEAT_5 HEAT_5 HEAT_5 HEAT_5 INSPECT ASSEMBLE,356,95.5,310,1,0,12,2,HEAT_5 HEAT_5 INSPECT HEAT_5 HEAT_5 HEAT_5 HEAT_5 HEAT_5 HEAT_5 HEAT_5 HEAT_5 HEAT_5 HEAT_5 INSPECT ASSEMBLE,370,147.5,338,1,0,5,2,HEAT_5 INSPECT HEAT_5 HEAT_5 HEAT_5 HEAT_5 INSPECT ASSEMBLE,363,109.0,281,1,0,18,3,HEAT_5 HEAT_5 HEAT_5 INSPECT HEAT_5 HEAT_5 HEAT_5 INSPECT HEAT_5 HEAT_5 HEAT_5 HEAT_5 HEAT_5 HEAT_5 HEAT_5 HEAT_5 HEAT_5 HEAT_5 HEAT_5 HEAT_5 INSPECT ASSEMBLE,371,188.0
铝合金-220-069,铝合金,220.0,218.37,220.0,354.81707334722194,972960692,344,1,0,10,2,INSPECT HEAT_5 HEAT_5 HEAT_5 HEAT_5 HEAT_5 HEAT_5 HEAT_5 HEAT_5 HEAT_5 HEAT_5 INSPECT ASSEMBLE,394,134.5,350,1,0,16,2,INSPECT HEAT_5 INSPECT HEAT_5 HEAT_5 HEAT_5 HEAT_5 HEAT_5 HEAT_5 HEAT_5 HEAT_5 HEAT_5 HEAT_5 HEAT_5 HEAT_5 HEAT_5 HEAT_5 HEAT_5 ASSEMBLE,430,182.5,324,1,0,12,3,HEAT_5 HEAT_5 INSPECT HEAT_5 HEAT_5 HEAT_5 HEAT_5 INSPECT HEAT_5 HEAT_5 HEAT_5 HEAT_5 HEAT_5 HEAT_5 INSPECT ASSEMBLE,384,149.5,325,1,0,16,2,HEAT_5 HEAT_5 HEAT_5 HEAT_5 INSPECT HEAT_5 HEAT_5 HEAT_5 HEAT_5 HEAT_5 HEAT_5 HEAT_5 HEAT_5 HEAT_5 HEAT_5 HEAT_5 HEAT_5 INSPECT ASSEMBLE,405,170.0
铝合金-220-070,铝合金,220.0,218.4,220.0,353.14655756788,972960702,344,1,0,10,2,INSPECT HEAT_5 HEAT_5 HEAT_5 HEAT_5 HEAT_5 HEAT_5 HEAT_5 HEAT_5 HEAT_5 HEAT_5 INSPECT ASSEMBLE,394,134.5,350,1,0,16,2,INSPECT HEAT_5 INSPECT HEAT_5 HEAT_5 HEAT_5 HEAT_5 HEAT_5 HEAT_5 HEAT_5 HEAT_5 HEAT_5 HEAT_5 HEAT_5 HEAT_5 HEAT_5 HEAT_5 HEAT_5 ASSEMBLE,430,182.5,347,1,0,12,2,INSPECT HEAT_5 HEAT_5 HEAT_5 HEAT_5 HEAT_5 HEAT_5 HEAT_5 HEAT_5 HEAT_5 HEAT_5 HEAT_5 HEAT_5 INSPECT ASSEMBLE,407,151.0,321,1,0,12,2,INSPECT HEAT_5 HEAT_5 HEAT_5 HEAT_5 HEAT_5 HEAT_5 HEAT_5 HEAT_5 HEAT_5 HEAT_5 HEAT_5 HEAT_5 INSPECT ASSEMBLE,381,138.0
铝合金-220-071,铝合金,220.0,218.57,220.0,326.26153250955485,972960712,344,1,0,2,2,INSPECT HEAT_5 HEAT_5 INSPECT ASSEMBLE,354,87.0,345,1,0,1,2,INSPECT HEAT_5 INSPECT ASSEMBLE,350,80.0,326,1,0,12,2,HEAT_5 HEAT_5 INSPECT HEAT_5 HEAT_5 HEAT_5 HEAT_5 HEAT_5 HEAT_5 HEAT_5 HEAT_5 HEAT_5 HEAT_5 INSPECT ASSEMBLE,386,153.0,321,1,0,16,3,HEAT_5 INSPECT HEAT_5 HEAT_5 HEAT_5 HEAT_5 HEAT_5 HEAT_5 INSPECT HEAT_5 HEAT_5 HEAT_5 HEAT_5 HEAT_5 HEAT_5 HEAT_5 HEAT_5 HEAT_5 INSPECT ASSEMBLE,401,190.5
铝合金-220-072,铝合金,220.0,218.44,220.0,354.91843515410534,972960722,382,1,0,1,1,HEAT_5 INSPECT ASSEMBLE,387,76.0,385,1,0,1,1,HEAT_5 INSPECT ASSEMBLE,390,77.5,347,1,0,12,2,INSPECT HEAT_5 HEAT_5 HEAT_5 HEAT_5 HEAT_5 HEAT_5 HEAT_5 HEAT_5 HEAT_5 HEAT_5 HEAT_5 HEAT_5 INSPECT ASSEMBLE,407,151.0,331,1,0,11,1,HEAT_5 HEAT_5 HEAT_5 HEAT_5 HEAT_5 HEAT_5 HEAT_5 HEAT_5 HEAT_5 HEAT_5 HEAT_5 INSPECT ASSEMBLE,386,125.5
铝合金-220-073,铝合金,220.0,218.7,220.0,298.4177582859176,972960732,375,1,0,0,1,INSPECT ASSEMBLE,375,92.5,365,1,0,2,1,HEAT_5 HEAT_5 INSPECT ASSEMBLE,375,102.5,347,1,0,2,1,HEAT_5 HEAT_5 INSPECT ASSEMBLE,357,93.5,331,1,0,2,1,HEAT_5 HEAT_5 INSPECT ASSEMBLE,341,85.5
铝合金-220-074,铝合金,220.0,218.65,220.0,307.724019500352,972960742,344,1,0,4,2,HEAT_5 HEAT_5 HEAT_5 INSPECT HEAT_5 INSPECT ASSEMBLE,364,112.0,350,1,0,2,1,HEAT_5 HEAT_5 INSPECT ASSEMBLE,360,90.0,347,1,0,3,1,HEAT_5 HEAT_5 HEAT_5 INSPECT ASSEMBLE,362,96.0,331,1,0,11,1,HEAT_5 HEAT_5 HEAT_5 HEAT_5 HEAT_5 HEAT_5 HEAT_5 HEAT_5 HEAT_5 HEAT_5 HEAT_5 INSPECT ASSEMBLE,386,148.0
铝合金-220-075,铝合金,220.0,218.28,220.0,386.48705510462025,972960752,372,1,0,10,2,INSPECT HEAT_5 HEAT_5 HEAT_5 HEAT_5 HEAT_5 HEAT_5 HEAT_5 HEAT_5 HEAT_5 HEAT_5 INSPECT ASSEMBLE,422,131.0,365,1,0,15,3,HEAT_5 INSPECT HEAT_5 INSPECT HEAT_5 HEAT_5 HEAT_5 HEAT_5 HEAT_5 INSPECT HEAT_5 HEAT_5 HEAT_5 HEAT_5 HEAT_5 HEAT_5 HEAT_5 HEAT_5 ASSEMBLE,440,175.0,347,1,0,17,1,HEAT_5 HEAT_5 INSPECT HEAT_5 HEAT_5 HEAT_5 HEAT_5 HEAT_5 HEAT_5 HEAT_5 HEAT_5 HEAT_5 HEAT_5 HEAT_5 HEAT_5 HEAT_5 HEAT_5 HEAT_5 ASSEMBLE,432,161.0,331,1,0,20,3,HEAT_5 INSPECT HEAT_5 HEAT_5 HEAT_5 HEAT_5 HEAT_5 HEAT_5 HEAT_5 HEAT_5 HEAT_5 INSPECT HEAT_5 HEAT_5 HEAT_5 HEAT_5 HEAT_5 HEAT_5 HEAT_5 HEAT_5 HEAT_5 HEAT_5 INSPECT ASSEMBLE,431,195.5
铝合金-220-076,铝合金,220.0,218.59,220.0,322.38809351768913,972960762,375,1,0,1,1,HEAT_5 INSPECT ASSEMBLE,380,87.5,350,1,0,4,1,HEAT_5 HEAT_5 HEAT_5 HEAT_5 INSPECT ASSEMBLE,370,97.5,347,1,0,0,1,INSPECT ASSEMBLE,347,66.0,336,1,0,6,1,HEAT_5 HEAT_5 HEAT_5 HEAT_5 HEAT_5 HEAT_5 INSPECT ASSEMBLE,366,105.5
